Age,Gender,Driving_Experience,Accident_History,Vehicle_Type,Annual_Mileage,Vehicle_Age,Location,Credit_Score,Vehicle_Value,Insurance
63,Female,35,0,Coupe,18878,3,Rural,731,10399,1427.89
39,Female,30,1,Coupe,29742,6,Urban,316,8227,2279.37
42,Female,19,0,Truck,5153,2,Suburban,320,36912,961.77
21,Female,17,0,Coupe,11738,1,Urban,424,22304,829.9399999999999
35,Female,34,1,Sedan,20747,6,Rural,794,5967,1647.02
61,Female,13,1,Sedan,23431,7,Urban,723,22690,2328.4500000000003
43,Female,32,0,SUV,25191,15,Urban,563,10313,1787.6800000000003
43,Male,30,0,Sedan,8173,7,Suburban,382,39521,968.86
29,Female,22,0,Sedan,11327,6,Urban,406,33131,947.6600000000001
24,Male,17,0,Sedan,21168,1,Rural,524,14801,1156.41
26,Female,31,0,Coupe,17996,15,Suburban,572,28376,1393.56
52,Male,40,0,Coupe,28893,13,Rural,405,47517,2314.82
55,Female,37,0,Truck,10454,13,Rural,751,18723,1249.93
63,Female,29,0,Coupe,16007,3,Urban,655,31259,1522.94
56,Male,32,0,Sedan,17503,12,Suburban,377,47847,1713.6200000000001
55,Male,20,0,Sedan,21752,3,Suburban,382,17302,1535.62
44,Female,20,0,SUV,15625,14,Suburban,691,40003,1661.28
58,Female,2,0,SUV,21369,13,Rural,619,36413,2127.58
39,Male,7,0,Sedan,5286,11,Suburban,581,41834,982.64
67,Female,39,0,Coupe,10546,6,Urban,768,13136,1103.6599999999999
32,Male,37,0,Coupe,20629,10,Rural,494,21844,1414.89
68,Male,36,1,Sedan,21113,14,Urban,312,32594,2371.59
30,Female,39,0,Truck,11018,9,Rural,454,42808,1198.98
29,Female,12,0,SUV,29252,3,Rural,305,11131,1778.9099999999999
67,Male,3,0,SUV,22268,7,Urban,732,11793,1921.3300000000002
63,Male,35,0,Truck,10779,2,Rural,755,5585,1059.8
52,Female,38,0,Van,27064,15,Suburban,629,23110,1969.3
57,Male,33,0,Coupe,9214,7,Rural,330,35136,1202.06
20,Male,37,0,Van,28306,3,Suburban,372,35915,1664.4500000000003
68,Female,8,0,SUV,26366,6,Suburban,386,25268,2230.98
56,Male,24,0,Van,16475,8,Rural,560,47007,1683.82
47,Male,26,0,Van,27428,8,Urban,625,19939,1860.7900000000002
36,Male,12,1,Truck,15962,1,Rural,550,20389,1796.99
40,Female,31,0,SUV,26839,3,Urban,501,48459,2046.54
21,Female,19,1,SUV,18678,12,Urban,304,17783,1836.73
40,Female,36,0,Sedan,10135,10,Rural,744,19147,848.22
41,Female,28,1,Coupe,6782,2,Urban,841,27977,1298.87
56,Female,31,0,Truck,5909,3,Suburban,725,36595,1091.4
33,Female,40,0,Truck,25780,14,Urban,677,6563,1674.63
22,Female,13,0,Van,12092,11,Rural,676,29913,1053.73
58,Female,16,1,Coupe,9625,10,Urban,302,18927,1700.52
50,Female,38,0,Coupe,9781,15,Suburban,589,44943,1353.48
43,Female,5,0,Coupe,26310,5,Rural,831,16796,1843.46
32,Male,22,0,Truck,26034,6,Rural,594,6070,1642.4
23,Male,19,0,Van,20104,10,Urban,374,22061,1340.81
66,Male,2,0,Van,28528,8,Suburban,491,11522,2141.62
49,Male,3,0,SUV,19449,15,Urban,481,17009,1772.54
26,Female,29,1,Van,29765,9,Urban,575,45942,2527.67
44,Female,2,0,SUV,8422,2,Suburban,801,49576,1306.8600000000001
42,Male,33,0,Coupe,13892,3,Rural,474,8680,961.4
27,Female,1,0,Sedan,7343,3,Suburban,618,41913,876.28
39,Male,29,1,Sedan,26833,6,Rural,550,20200,2158.65
24,Female,30,0,SUV,25220,2,Rural,434,37824,1689.24
56,Female,31,1,Truck,5870,12,Suburban,796,6292,1421.42
53,Male,7,0,Coupe,14020,11,Rural,822,25612,1497.12
55,Male,27,1,Coupe,13121,10,Rural,660,46899,2070.04
21,Male,1,0,Truck,8634,11,Suburban,427,17322,954.9200000000001
21,Female,8,0,Van,26088,7,Rural,789,47997,1889.3700000000001
42,Female,17,0,SUV,25152,2,Urban,750,5404,1606.6399999999999
29,Male,19,0,Coupe,14549,7,Suburban,349,25659,1164.04
22,Male,21,0,Sedan,19031,7,Suburban,319,29257,1244.12
69,Female,9,1,Truck,6525,2,Rural,309,33827,1819.52
68,Female,3,0,Truck,15494,5,Rural,401,21498,1709.68
24,Female,40,0,Truck,8508,14,Urban,561,43923,1094.63
70,Male,27,1,Truck,14969,13,Suburban,585,18428,2172.73
50,Male,8,0,Truck,23027,4,Urban,768,7394,1725.29
52,Female,14,0,SUV,16659,15,Rural,774,41210,1850.0500000000002
52,Female,30,1,SUV,15695,4,Urban,423,21118,1855.93
61,Male,32,0,Van,19399,15,Urban,559,22315,1698.1000000000001
31,Male,24,0,Van,18381,10,Urban,547,15527,1244.32
30,Female,12,0,Sedan,20805,8,Urban,772,42629,1606.54
68,Female,5,0,Truck,14289,15,Urban,561,23782,1812.27
65,Female,34,0,Truck,25124,12,Rural,320,44578,2341.98
60,Male,38,0,Van,22187,15,Suburban,756,30679,1881.1399999999999
66,Female,19,0,Sedan,10582,1,Suburban,354,17521,1064.31
54,Female,4,0,Sedan,13704,13,Urban,510,30456,1484.76
23,Female,2,0,Coupe,9669,15,Suburban,694,25099,1059.44
69,Male,1,0,Truck,7780,2,Rural,801,34502,1429.02
53,Male,28,0,Sedan,27232,8,Urban,642,41804,2069.64
36,Male,22,1,Van,21246,5,Rural,766,15294,1870.2400000000002
46,Female,25,0,SUV,20733,9,Suburban,471,46878,1905.43
29,Male,1,1,Truck,13943,4,Urban,669,45676,1978.91
40,Male,19,0,Sedan,21879,6,Rural,693,6080,1329.75
43,Female,11,0,SUV,22116,7,Urban,542,17983,1695.63
67,Female,22,1,Sedan,14565,9,Rural,475,25944,1962.69
26,Female,3,0,SUV,7374,2,Urban,608,29299,866.69
58,Male,40,0,Truck,23188,15,Suburban,707,24006,1984.46
23,Male,24,0,Coupe,18355,2,Urban,513,49038,1428.13
56,Male,6,0,SUV,18652,13,Suburban,422,21145,1799.05
35,Male,10,0,Van,23751,1,Suburban,510,16825,1500.8000000000002
52,Male,29,0,Truck,20463,12,Suburban,318,21395,1772.1000000000001
64,Female,27,0,Van,11261,5,Rural,788,7439,1047.44
68,Male,22,0,Truck,29405,6,Suburban,693,47115,2581.4
26,Male,22,0,SUV,22345,10,Rural,336,35482,1702.07
29,Female,21,1,Truck,6427,8,Rural,497,17347,1279.82
63,Female,17,0,Truck,8420,15,Suburban,684,6294,1233.94
61,Male,4,0,Coupe,16409,14,Rural,451,26250,1762.95
54,Female,28,0,Truck,11620,12,Suburban,468,17147,1312.47
18,Female,4,0,SUV,15059,5,Urban,612,18837,1106.3200000000002
45,Female,34,1,Coupe,13380,12,Rural,458,31202,1821.02
44,Female,37,0,Van,16512,10,Suburban,581,12831,1188.9099999999999
42,Male,20,0,Van,12924,6,Urban,391,35549,1241.69
56,Male,8,0,Sedan,17673,12,Urban,620,39338,1757.0300000000002
44,Female,31,0,Sedan,29086,5,Suburban,734,46863,2062.9300000000003
29,Male,5,0,Van,29975,1,Rural,432,46788,2076.63
56,Female,37,0,Coupe,26978,15,Suburban,761,17453,2003.43
66,Female,13,0,Truck,24644,2,Rural,738,22610,2063.3
61,Female,37,0,Sedan,17490,9,Suburban,785,38075,1595.25
26,Male,22,0,Coupe,18821,1,Urban,428,46014,1446.19
44,Female,5,1,Coupe,5986,2,Urban,470,12429,1248.59
20,Female,7,0,Truck,13037,8,Urban,520,47934,1396.19
39,Male,12,0,Coupe,18973,9,Rural,721,39994,1693.5900000000001
28,Male,13,0,Sedan,14161,8,Urban,371,26354,1086.59
23,Male,33,0,Coupe,25264,10,Urban,570,32496,1683.16
64,Male,16,0,SUV,24951,7,Urban,389,48920,2331.75
57,Male,13,1,Van,13719,2,Urban,541,9522,1646.17
39,Male,19,0,Coupe,15051,3,Rural,568,6216,1034.71
30,Male,30,0,Van,21200,5,Urban,581,48055,1595.55
44,Male,36,1,Coupe,7232,14,Urban,781,15993,1371.53
70,Male,10,0,Coupe,10475,11,Urban,361,36032,1579.07
31,Female,18,0,SUV,10696,7,Urban,405,47160,1261.4
25,Male,33,0,Coupe,29897,13,Urban,728,21590,1870.75
19,Female,37,1,Truck,24830,11,Urban,591,44958,2341.08
36,Female,23,0,Truck,13144,1,Suburban,570,46940,1366.6000000000001
51,Male,19,1,Van,13128,2,Suburban,529,27353,1704.93
51,Female,35,1,SUV,14604,10,Suburban,622,49546,2140.66
56,Male,8,0,Coupe,17842,14,Urban,826,5602,1558.12
22,Male,2,0,Van,9712,7,Rural,588,46906,1099.66
66,Male,14,0,SUV,13964,15,Urban,729,47254,1915.74
48,Female,28,0,Truck,15883,9,Urban,334,23314,1482.2900000000002
54,Female,40,0,Coupe,12842,14,Suburban,472,5102,1123.12
52,Female,10,0,Sedan,29923,10,Suburban,704,12470,2020.8500000000001
29,Female,36,0,Van,20934,9,Suburban,515,22131,1343.01
40,Female,9,0,SUV,16941,1,Rural,702,45617,1603.22
37,Female,9,0,Sedan,26618,2,Urban,598,16102,1626.92
25,Male,21,0,Coupe,5667,5,Urban,511,37268,756.03
26,Male,33,0,Truck,18850,5,Urban,564,33351,1426.01
37,Male,8,0,Truck,26566,6,Urban,422,12976,1858.0600000000002
29,Female,25,0,Sedan,11165,13,Urban,614,20104,899.29
23,Male,38,0,Coupe,25031,4,Suburban,839,22042,1451.9700000000003
45,Male,34,0,Truck,6436,2,Urban,411,21228,824.0799999999999
63,Male,31,0,Van,24578,10,Rural,697,21772,1901.6200000000001
56,Female,26,0,Sedan,28545,12,Suburban,332,26470,2081.95
67,Female,13,0,Coupe,29538,6,Suburban,403,48740,2539.3
59,Male,39,0,Truck,26364,9,Rural,342,39918,2227.38
20,Female,13,0,Truck,16435,7,Suburban,671,16528,1207.03
61,Male,21,0,SUV,11024,12,Urban,733,32653,1492.73
61,Male,7,1,Van,23459,5,Rural,429,15017,2303.12
22,Male,4,0,SUV,23094,9,Suburban,727,20771,1627.41
29,Male,24,0,Truck,8525,11,Urban,678,21453,955.78
32,Male,28,0,Sedan,26420,3,Rural,784,20740,1533.4
24,Female,13,0,Coupe,9862,1,Rural,454,12616,689.26
51,Female,20,0,Coupe,23497,10,Urban,717,49123,2106.08
28,Female,39,1,Truck,7047,10,Urban,489,13986,1207.21
27,Male,14,1,Truck,18640,7,Urban,513,26115,1978.15
29,Male,29,0,SUV,10629,8,Suburban,793,27840,1004.8500000000001
32,Male,35,0,Truck,24210,14,Rural,686,9096,1636.46
29,Male,10,1,Van,12313,15,Urban,444,14226,1552.91
43,Female,1,0,Coupe,21520,7,Rural,422,49695,1982.95
37,Male,10,0,Van,27843,2,Suburban,319,23000,1802.15
42,Female,13,0,Coupe,6163,10,Suburban,306,22668,919.8299999999999
44,Male,15,0,Van,23940,9,Suburban,546,12198,1648.98
27,Female,12,0,Sedan,24628,8,Suburban,449,27400,1615.4
24,Male,4,0,Truck,11707,2,Rural,433,25066,1066.01
67,Male,7,0,Truck,18018,2,Urban,669,42464,1970.54
53,Male,13,0,Coupe,23240,10,Urban,439,18991,1846.91
55,Male,23,0,Van,16178,3,Suburban,637,23323,1352.13
52,Male,16,1,Truck,5493,4,Urban,616,16443,1419.0800000000002
22,Male,28,1,Sedan,24344,8,Suburban,448,29622,1993.42
66,Female,34,0,Sedan,6974,2,Suburban,380,43428,1082.98
59,Female,15,0,Truck,25077,4,Suburban,694,25347,2062.3199999999997
38,Female,35,0,Van,5094,12,Suburban,818,25846,728.16
44,Male,11,0,Van,14762,12,Rural,722,15879,1291.8899999999999
24,Female,2,1,Sedan,17985,10,Urban,311,9071,1649.96
32,Female,32,0,Van,9838,6,Suburban,569,37481,946.71
53,Male,28,0,SUV,15811,5,Suburban,519,24401,1429.56
46,Female,23,0,Sedan,9293,3,Rural,601,39646,1031.1100000000001
21,Male,31,0,Van,11697,14,Suburban,749,13843,818.28
41,Female,35,0,Sedan,16345,12,Suburban,524,25075,1263.0
30,Male,34,0,Coupe,23046,7,Rural,425,33353,1600.8300000000002
37,Female,32,0,SUV,26021,1,Urban,360,11246,1568.5100000000002
43,Male,17,0,Coupe,20714,10,Suburban,471,19037,1601.0700000000002
46,Male,28,0,Coupe,17329,14,Rural,664,29877,1575.22
60,Female,27,0,Sedan,13107,1,Rural,336,36702,1282.37
32,Male,30,0,Truck,24435,12,Suburban,768,6957,1621.32
48,Female,31,1,Sedan,8486,13,Urban,469,48615,1710.45
41,Female,25,0,Truck,13408,3,Urban,607,43048,1410.88
70,Male,3,0,Van,21586,11,Suburban,355,36182,2121.1200000000003
64,Male,36,1,SUV,27961,14,Rural,377,47650,2974.55
68,Female,39,0,Coupe,26190,13,Urban,843,48511,2354.61
55,Male,1,0,SUV,12549,15,Suburban,435,40410,1731.5500000000002
34,Male,25,0,Truck,28307,3,Rural,594,25215,1907.5
43,Male,16,0,Van,11366,8,Urban,818,8548,953.78
31,Female,19,0,Truck,8210,4,Suburban,536,47478,1140.28
35,Male,30,1,Sedan,24445,1,Urban,699,27996,1997.21
37,Female,36,0,Van,27421,2,Rural,487,46155,1882.6000000000001
48,Male,23,0,Truck,9973,1,Rural,809,40666,1265.31
42,Female,26,0,SUV,14185,3,Urban,661,33306,1307.31
68,Male,18,1,SUV,15587,12,Urban,590,6432,2043.6699999999998
58,Female,33,0,Coupe,21149,5,Urban,608,19390,1621.3500000000001
57,Female,11,0,Van,11302,15,Suburban,821,25514,1390.24
35,Female,17,0,Truck,20660,2,Rural,724,37973,1687.73
57,Male,1,1,Coupe,17688,10,Suburban,417,47000,2449.4
70,Female,8,1,Van,22458,13,Rural,816,16895,2476.85
28,Male,6,0,Truck,26635,7,Rural,568,35762,2024.37
23,Female,27,0,Truck,23704,3,Rural,465,41620,1721.4
47,Male,35,0,Van,11525,5,Suburban,822,34969,1125.94
47,Male,1,0,Truck,9204,9,Rural,619,6426,1104.46
67,Female,37,0,Van,21647,4,Rural,636,19514,1652.49
39,Male,25,0,Truck,21797,11,Suburban,538,44788,1947.73
33,Male,29,0,SUV,24225,3,Urban,400,25594,1627.19
28,Male,12,0,Sedan,5609,3,Urban,586,19858,524.03
28,Female,31,0,Sedan,9023,13,Suburban,676,20800,759.15
37,Female,24,0,Truck,12426,12,Urban,356,28399,1315.29
37,Female,13,0,SUV,6037,4,Suburban,410,33764,934.49
47,Female,18,1,Coupe,9688,8,Suburban,728,31252,1676.92
45,Male,21,0,Sedan,28808,1,Suburban,426,15394,1734.3400000000001
37,Female,34,0,Coupe,13386,3,Suburban,533,35342,1147.72
46,Female,18,0,Sedan,8178,11,Rural,673,20214,926.04
28,Female,29,1,Sedan,24230,12,Suburban,837,40059,2207.09
40,Male,12,0,Coupe,11643,12,Suburban,312,22931,1211.46
58,Female,35,0,SUV,21662,6,Suburban,636,20212,1710.2199999999998
46,Female,29,0,Van,23181,13,Suburban,302,5733,1556.38
65,Female,20,0,Van,14852,2,Rural,552,48170,1634.3
22,Male,27,1,Truck,9635,6,Suburban,305,19822,1334.97
67,Female,28,0,Truck,28349,6,Rural,810,13769,2155.14
18,Male,30,0,Van,29491,12,Suburban,396,46656,1981.1100000000001
42,Female,32,1,SUV,12264,13,Urban,646,27413,1772.33
53,Male,11,0,Van,28646,6,Rural,782,21450,2041.8000000000002
56,Female,37,0,Sedan,19758,12,Rural,549,33100,1653.9
52,Female,3,0,Van,22994,13,Rural,394,13073,1810.43
45,Female,29,0,Sedan,25244,3,Rural,753,13930,1531.5
41,Male,31,0,Truck,14508,15,Suburban,643,36406,1549.46
55,Male,13,0,Sedan,22757,6,Suburban,492,45461,1947.46
25,Female,35,0,Van,15992,15,Urban,565,26284,1192.44
31,Male,13,0,Coupe,18771,8,Rural,634,29364,1477.19
41,Female,8,0,SUV,14258,14,Suburban,443,19175,1414.65
24,Male,3,0,Van,13104,10,Urban,786,6949,929.69
58,Male,15,0,Sedan,8101,6,Suburban,333,40095,1181.0
57,Female,6,0,Coupe,12821,12,Urban,823,34663,1587.6799999999998
26,Female,39,0,Coupe,22140,4,Rural,664,46012,1572.12
22,Male,11,0,Truck,5868,11,Urban,669,35740,960.8
18,Female,22,0,Sedan,26305,15,Rural,820,38071,1770.96
62,Male,3,0,Van,19383,8,Rural,716,28342,1807.5700000000002
64,Female,30,0,Truck,9899,7,Urban,341,28530,1355.25
63,Female,10,0,Truck,12155,2,Urban,459,23067,1428.42
63,Male,22,0,Van,8072,12,Rural,575,41657,1350.17
47,Male,3,0,SUV,29185,15,Suburban,642,27193,2341.18
60,Female,19,0,Coupe,20499,6,Suburban,751,49895,1998.9
46,Female,7,0,Sedan,19207,1,Suburban,329,21782,1398.1699999999998
54,Male,1,0,Truck,20363,13,Rural,457,32894,2057.09
34,Female,27,0,Sedan,13216,5,Urban,514,46376,1184.56
30,Female,30,1,SUV,19479,10,Rural,841,19281,1896.76
66,Female,13,0,Truck,5670,14,Suburban,521,45312,1521.62
67,Male,20,1,Coupe,6066,2,Rural,351,15793,1441.23
58,Male,4,1,SUV,28449,13,Rural,744,48095,3088.3999999999996
51,Female,20,0,Truck,14608,6,Rural,333,43641,1646.8100000000002
21,Male,40,0,SUV,19018,4,Urban,312,28029,1231.19
20,Male,3,0,Truck,24680,7,Rural,850,13154,1635.54
70,Female,27,1,Sedan,9081,5,Rural,582,8689,1460.94
54,Male,26,0,Van,21236,2,Urban,618,21353,1545.3300000000002
36,Male,36,0,Truck,12999,8,Rural,681,9005,1020.0
70,Female,3,0,Sedan,7814,5,Suburban,417,37802,1308.72
43,Female,17,0,SUV,22377,11,Urban,395,36787,1926.7199999999998
46,Female,14,1,Coupe,24647,8,Suburban,345,7697,2199.3199999999997
59,Female,5,0,Van,19627,14,Suburban,545,34768,1934.03
68,Male,40,0,Truck,24914,3,Rural,443,14052,1891.22
63,Male,18,1,Coupe,12196,8,Suburban,301,8005,1729.85
54,Male,16,0,Coupe,18944,1,Suburban,700,49385,1796.0500000000002
49,Male,20,0,Sedan,22349,14,Suburban,555,37608,1873.53
40,Male,24,0,SUV,24494,3,Suburban,472,41945,1899.15
33,Male,33,0,Sedan,11203,2,Suburban,750,25195,787.1
30,Female,36,0,Van,20384,14,Urban,646,36801,1547.21
67,Female,13,0,Coupe,13841,8,Rural,728,18271,1479.76
58,Female,2,0,Coupe,11805,1,Rural,741,38042,1435.67
23,Female,16,0,Truck,25771,8,Rural,361,13316,1671.7100000000003
52,Female,35,0,Coupe,29032,9,Suburban,325,33188,2143.48
32,Female,14,1,Coupe,23103,6,Urban,305,44516,2320.31
50,Male,27,0,Van,19665,11,Urban,461,45939,1802.6399999999999
61,Male,8,0,Coupe,23237,1,Urban,541,40255,2029.3999999999999
66,Female,16,0,Van,19847,7,Rural,612,11823,1625.58
54,Female,37,0,SUV,5281,6,Suburban,342,13202,771.0699999999999
51,Female,14,0,SUV,17673,2,Rural,676,41482,1698.47
43,Female,17,0,Coupe,13208,9,Urban,826,16301,1183.4099999999999
39,Female,11,1,Van,18590,1,Urban,436,16057,1770.07
54,Female,40,0,Truck,13907,14,Rural,673,11760,1342.9499999999998
46,Male,37,0,Van,5398,7,Urban,541,36287,842.77
23,Female,24,0,SUV,26703,11,Rural,620,15903,1699.18
40,Female,30,0,Coupe,25060,3,Suburban,689,48729,1915.29
56,Female,36,0,Sedan,6946,15,Suburban,692,10935,841.65
37,Male,16,0,SUV,21886,6,Urban,541,43315,1837.4500000000003
34,Female,38,0,Truck,19597,1,Urban,347,37634,1501.19
63,Female,39,0,Sedan,21688,10,Rural,326,21766,1667.0600000000002
64,Female,1,0,SUV,26326,7,Suburban,656,25102,2237.32
23,Male,3,0,SUV,9298,13,Urban,654,34604,1150.94
20,Female,15,1,Truck,11195,1,Rural,495,47324,1652.99
28,Male,36,0,SUV,5856,6,Suburban,712,29551,708.31
37,Female,37,0,SUV,16881,3,Urban,337,28256,1286.61
47,Female,18,1,Van,9204,1,Suburban,630,26264,1447.8400000000001
23,Female,21,0,Sedan,18491,8,Urban,826,20897,1158.52
64,Male,36,0,Truck,11825,15,Suburban,329,39226,1648.51
43,Male,13,0,Coupe,19556,1,Rural,447,36879,1606.59
40,Male,8,0,Coupe,8751,15,Suburban,435,9313,995.68
32,Male,8,1,Truck,9526,10,Rural,695,39693,1783.23
60,Female,37,0,Van,24211,11,Suburban,708,48385,2104.4
34,Female,13,0,SUV,14918,12,Suburban,361,31873,1449.63
25,Female,13,0,Truck,19922,13,Rural,731,37623,1732.33
30,Female,33,0,Van,12387,7,Rural,641,10757,796.9200000000001
35,Female,13,0,SUV,7953,13,Suburban,743,31358,1121.23
61,Female,16,0,Sedan,19172,10,Rural,456,32997,1748.57
70,Male,6,0,Sedan,11424,15,Suburban,419,10869,1354.89
35,Male,9,0,Sedan,14245,15,Suburban,578,24915,1271.4
43,Female,9,0,Truck,18386,1,Rural,465,36929,1668.59
51,Male,39,1,Coupe,5598,15,Urban,719,32599,1525.89
33,Female,22,0,Truck,7041,1,Suburban,486,17502,742.0699999999999
59,Male,13,0,Coupe,23245,3,Suburban,445,28789,1900.1399999999999
31,Female,34,1,Coupe,7550,14,Urban,496,26394,1371.44
19,Female,39,1,Coupe,16124,3,Suburban,574,40924,1635.44
20,Male,20,0,Sedan,26970,7,Rural,567,38498,1718.48
56,Male,11,0,SUV,16597,12,Rural,684,15250,1597.35
35,Male,5,0,Van,10463,2,Rural,728,42313,1131.28
31,Female,23,0,SUV,20377,11,Rural,319,16075,1469.6
33,Female,8,0,Sedan,28421,6,Rural,322,21036,1791.4100000000003
29,Female,38,0,Coupe,12521,2,Suburban,352,29831,934.3599999999999
62,Female,16,1,Van,14749,9,Rural,400,25595,1998.4
46,Male,16,1,Van,15228,5,Urban,783,6024,1606.64
53,Female,11,0,Coupe,6151,15,Urban,772,27750,1165.05
23,Female,14,0,SUV,16090,14,Urban,791,48308,1587.58
59,Male,15,0,Coupe,16583,6,Suburban,711,32143,1635.5800000000002
49,Male,9,0,Van,18194,4,Rural,503,9950,1344.2
48,Male,35,0,Coupe,22883,1,Urban,829,42185,1766.0
50,Female,35,0,Sedan,17078,2,Urban,536,32466,1313.5600000000002
31,Male,38,0,Van,20367,2,Urban,528,20373,1202.08
62,Female,5,0,Sedan,16737,9,Suburban,797,47283,1819.6799999999998
53,Female,14,0,Sedan,14733,15,Suburban,438,38592,1587.5700000000002
44,Female,16,0,Coupe,12885,14,Suburban,366,49796,1592.21
20,Male,33,0,Coupe,21476,8,Urban,390,14146,1250.2600000000002
49,Male,28,1,SUV,17987,15,Rural,656,11250,2016.85
29,Female,21,0,Coupe,23584,8,Suburban,842,48772,1851.92
37,Female,1,0,Sedan,17648,5,Urban,483,40843,1510.8300000000002
23,Male,3,0,Sedan,17562,5,Urban,691,48395,1432.05
35,Female,30,1,SUV,17504,15,Rural,757,14220,1872.4
25,Female,4,0,Sedan,21054,1,Rural,374,11072,1188.42
38,Male,34,0,Coupe,9207,5,Urban,690,14232,767.6700000000001
57,Female,13,0,Sedan,5360,6,Suburban,759,7514,718.14
40,Male,5,1,SUV,12579,12,Rural,757,37872,1992.67
51,Male,12,1,Van,23426,14,Rural,758,25781,2419.11
25,Male,20,0,Truck,14823,7,Urban,589,10437,1080.52
24,Male,19,0,Van,16954,10,Suburban,692,22601,1198.71
52,Female,40,0,Sedan,28609,5,Suburban,789,47427,2079.7200000000003
38,Female,7,0,Van,17330,1,Urban,508,24667,1303.17
25,Female,35,0,Truck,19675,8,Rural,599,33775,1496.5
24,Male,2,0,Sedan,8279,13,Suburban,749,32697,945.9200000000001
70,Male,14,0,Sedan,8295,11,Rural,307,39212,1381.87
34,Female,34,0,Van,10607,13,Suburban,726,8591,811.26
58,Female,4,0,Sedan,7934,12,Suburban,657,14830,1065.0
39,Female,13,1,Sedan,29043,1,Suburban,833,22744,2299.59
59,Male,18,0,Truck,15522,1,Rural,348,7192,1343.02
68,Female,36,0,Van,14907,12,Rural,770,35915,1614.5
19,Male,14,0,Truck,13703,15,Suburban,329,10306,1113.21
50,Female,7,1,Van,16573,12,Rural,563,32987,2133.52
61,Female,30,0,SUV,10146,11,Suburban,609,47138,1533.6799999999998
38,Male,12,0,SUV,7079,7,Urban,450,19779,906.74
30,Male,10,1,Truck,20145,1,Suburban,344,8713,1839.38
23,Female,2,0,Coupe,11149,1,Suburban,467,48878,1161.23
54,Female,20,0,Van,28833,5,Suburban,394,30293,2089.58
67,Female,8,0,Truck,7937,9,Rural,367,21442,1356.27
42,Male,22,0,Sedan,20810,1,Urban,467,31210,1457.6
54,Male,27,1,Sedan,27613,9,Urban,516,11574,2316.3900000000003
44,Female,39,0,Truck,22726,2,Rural,458,7723,1468.5300000000002
55,Female,16,0,Van,7056,13,Urban,407,36785,1215.65
43,Female,21,0,Truck,22758,3,Rural,388,14562,1633.52
67,Male,12,0,Coupe,22309,14,Urban,395,30733,2122.78
38,Male,32,0,Van,11686,9,Rural,443,33696,1106.26
58,Male,32,0,Sedan,10791,2,Suburban,624,12790,897.4499999999999
22,Male,36,1,Coupe,8463,10,Suburban,802,29225,1285.4
22,Male,2,0,Coupe,13118,14,Urban,655,23706,1192.96
60,Female,35,0,Sedan,29428,12,Suburban,804,43084,2287.2400000000002
36,Male,23,0,Sedan,5171,10,Rural,704,47054,904.0899999999999
57,Female,20,0,Van,18518,1,Rural,747,27224,1513.14
54,Male,34,0,Coupe,15064,5,Suburban,386,29812,1376.3200000000002
25,Male,20,0,Sedan,18248,3,Urban,714,38086,1268.2600000000002
40,Male,20,0,Van,28503,4,Urban,466,33493,1950.0800000000002
68,Male,11,0,Coupe,24205,6,Urban,692,40056,2205.81
51,Female,36,0,Truck,25087,5,Urban,781,24966,1889.01
68,Female,4,0,Truck,15237,5,Urban,708,21858,1695.4299999999998
26,Male,24,1,Coupe,13064,6,Urban,848,9732,1360.52
20,Male,13,0,Van,10567,14,Urban,789,27988,983.23
30,Female,35,0,Truck,14150,6,Suburban,414,32975,1232.25
59,Male,19,0,Van,10906,13,Rural,611,33823,1403.53
21,Male,38,0,Sedan,13662,5,Suburban,547,36774,925.84
39,Female,22,0,Van,7256,6,Suburban,391,35501,917.81
67,Male,16,0,Sedan,12384,15,Urban,678,8479,1298.99
58,Male,16,0,Coupe,17863,7,Urban,751,30160,1679.75
70,Female,5,0,SUV,22071,5,Urban,320,32208,2105.63
38,Male,15,0,Sedan,6818,9,Urban,833,7659,637.49
18,Female,28,1,Truck,5318,4,Rural,693,23468,1080.58
52,Female,1,0,Truck,9889,11,Rural,811,28863,1443.08
62,Male,33,0,Van,26955,14,Urban,314,20021,2042.96
22,Male,37,0,Van,16285,3,Suburban,720,45038,1174.63
19,Female,12,1,Sedan,25999,8,Suburban,359,24039,2070.34
44,Male,1,1,Sedan,8396,12,Urban,744,49535,1810.15
30,Male,12,0,Coupe,25576,3,Urban,725,5447,1498.2700000000002
36,Female,19,0,Coupe,8870,1,Suburban,532,28090,884.4000000000001
70,Male,28,0,Van,28929,11,Rural,781,49802,2499.4700000000003
30,Female,13,0,SUV,14709,1,Urban,522,32692,1242.3700000000001
29,Female,16,0,SUV,5153,9,Rural,711,11839,651.04
34,Female,31,0,Truck,22768,5,Suburban,700,8857,1466.97
40,Male,10,0,Van,15629,1,Urban,827,7584,1052.29
35,Female,7,0,SUV,23252,13,Urban,669,28335,1885.9499999999998
57,Male,33,0,SUV,15380,2,Suburban,810,35932,1493.32
65,Female,21,0,SUV,7705,1,Urban,335,41308,1288.33
54,Female,14,1,Truck,21810,5,Suburban,562,10692,2222.42
45,Female,3,0,Van,24177,10,Suburban,805,7849,1702.34
41,Male,20,0,Coupe,18005,12,Urban,490,17440,1444.65
60,Female,10,1,Van,13205,10,Rural,591,7056,1760.81
44,Female,39,0,Van,29237,14,Suburban,717,24977,1996.62
70,Female,3,1,Coupe,16587,10,Suburban,510,27507,2319.42
18,Male,20,1,Sedan,10755,2,Urban,478,47338,1401.13
48,Male,40,0,Coupe,28870,14,Urban,827,19925,2012.75
24,Female,31,0,Truck,26996,15,Suburban,488,8016,1719.9600000000003
63,Female,40,0,SUV,14133,7,Suburban,582,12625,1297.9
51,Female,25,0,Coupe,27029,1,Urban,474,8438,1715.83
56,Female,19,0,SUV,14967,6,Suburban,787,33997,1573.32
34,Female,37,0,Coupe,5424,14,Rural,412,28128,797.48
19,Female,37,1,Sedan,17577,6,Urban,560,27499,1528.84
19,Female,34,0,SUV,18936,4,Urban,440,37972,1336.52
54,Male,16,0,Truck,29243,9,Suburban,533,23480,2271.9500000000003
67,Female,36,1,Van,9057,9,Urban,792,21189,1619.74
36,Female,25,0,SUV,16527,9,Urban,714,14199,1268.34
69,Male,7,0,Sedan,7635,10,Urban,434,48226,1449.01
50,Male,12,0,SUV,14796,5,Suburban,447,38928,1574.08
26,Male,17,0,Sedan,29809,1,Urban,700,26513,1725.58
50,Male,17,0,Van,29087,10,Suburban,490,19825,2047.6
38,Male,16,0,Truck,7071,9,Urban,332,25143,1019.98
48,Female,8,0,Van,27315,1,Rural,498,39350,2044.25
47,Male,40,0,Coupe,17307,9,Suburban,598,10627,1256.62
49,Male,8,1,Coupe,17345,9,Rural,775,42483,2257.08
43,Female,16,0,Coupe,13734,2,Rural,468,14028,1086.98
42,Male,17,0,Coupe,16920,8,Rural,512,11827,1299.27
46,Male,28,0,Van,19385,8,Suburban,659,16443,1403.68
56,Male,2,0,Van,10189,1,Urban,745,41597,1320.42
62,Male,32,0,Van,21971,8,Rural,484,29357,1802.1200000000001
66,Male,29,1,Truck,12538,4,Urban,544,43383,2115.73
47,Female,17,1,Sedan,24647,1,Suburban,684,18898,2101.33
65,Female,32,0,Van,18528,4,Rural,763,46904,1775.44
51,Male,17,0,SUV,17747,6,Suburban,491,24394,1576.29
69,Male,27,1,Coupe,6390,5,Rural,790,19328,1522.78
29,Male,20,0,Sedan,17299,12,Suburban,315,33509,1350.04
34,Male,36,0,SUV,12878,1,Urban,656,18426,933.16
21,Female,5,0,Sedan,8394,4,Rural,429,7643,521.13
65,Male,19,0,Sedan,13968,13,Urban,527,18308,1411.48
44,Female,20,0,Sedan,5766,14,Rural,458,22182,840.1199999999999
35,Female,26,1,Van,28593,10,Suburban,823,43291,2562.56
53,Female,25,0,Truck,15730,5,Suburban,494,46690,1713.4
20,Male,37,1,Sedan,14909,4,Rural,304,9169,1192.14
39,Female,25,1,SUV,20142,14,Suburban,544,36570,2277.7999999999997
31,Female,38,0,SUV,7498,9,Rural,351,16967,729.5699999999999
24,Male,24,0,Sedan,26865,5,Suburban,649,23077,1549.02
35,Male,29,0,Sedan,22667,15,Urban,417,42082,1764.1699999999998
54,Female,22,0,Van,19422,10,Suburban,319,33786,1718.96
58,Female,2,0,Truck,26935,7,Rural,361,16594,2167.69
60,Male,12,0,Sedan,9507,5,Suburban,438,17802,1048.3700000000001
25,Male,18,0,Van,21579,13,Rural,442,31958,1583.53
51,Male,11,0,Sedan,8174,4,Rural,584,43858,1142.28
55,Female,29,0,Sedan,7489,11,Suburban,396,47620,1200.65
19,Female,39,0,Van,28252,3,Urban,546,44890,1731.5
27,Female,24,1,SUV,29671,12,Urban,354,28278,2526.3300000000004
18,Female,35,0,Coupe,23960,14,Rural,351,22720,1520.2
35,Female,23,0,Coupe,17914,10,Urban,683,36306,1523.76
66,Male,40,1,Van,24522,13,Rural,802,5506,2266.16
57,Female,37,0,Coupe,23798,15,Urban,678,12104,1800.94
61,Female,14,1,Coupe,23491,7,Urban,478,25255,2452.1000000000004
40,Male,15,0,Truck,5319,4,Urban,542,43920,1070.15
69,Male,10,0,Coupe,29218,2,Rural,502,45456,2465.46
42,Female,11,1,Truck,12620,1,Rural,328,25498,1745.98
41,Female,4,1,Coupe,9774,9,Rural,673,13416,1527.8600000000001
25,Female,33,0,Van,19008,15,Suburban,602,33027,1420.67
40,Male,34,0,Truck,24833,9,Suburban,421,25497,1841.6200000000001
55,Female,38,0,Van,13476,1,Rural,818,34740,1226.2
64,Male,38,0,Sedan,18449,6,Rural,521,17457,1417.02
38,Female,17,0,Sedan,21980,7,Urban,667,46895,1747.95
36,Female,33,0,SUV,16065,3,Urban,414,10462,1077.87
67,Male,40,0,Sedan,16369,6,Urban,315,17633,1334.78
30,Male,17,0,Truck,11733,11,Urban,651,16868,1115.33
28,Male,26,0,Sedan,15740,15,Urban,652,29588,1237.88
42,Male,33,0,SUV,7668,14,Rural,342,43406,1212.46
59,Female,39,0,SUV,5537,7,Urban,837,22460,931.45
65,Male,1,0,Van,5916,3,Urban,807,27113,1086.9299999999998
22,Female,25,0,Coupe,10158,10,Rural,580,46443,1097.33
61,Female,34,0,Coupe,25874,9,Suburban,782,34683,2095.53
26,Male,2,0,SUV,10965,8,Rural,840,6771,915.96
56,Male,40,1,Sedan,15899,2,Urban,391,13839,1603.3400000000001
18,Male,7,0,Coupe,29024,4,Rural,353,29115,1827.3500000000001
25,Female,7,1,Coupe,9334,2,Urban,313,32651,1418.21
37,Male,37,0,Truck,5056,5,Urban,338,41430,907.0999999999999
28,Female,2,0,Coupe,20868,6,Suburban,562,34659,1629.9900000000002
28,Female,4,0,SUV,17028,9,Urban,527,15062,1327.02
49,Male,12,0,SUV,6181,10,Rural,492,49691,1315.96
65,Male,35,1,Van,5925,8,Urban,332,41500,1636.25
32,Female,38,0,Coupe,12508,5,Urban,443,44956,1159.96
20,Male,33,1,Coupe,23936,14,Rural,330,32671,2148.51
36,Female,18,0,Coupe,16951,13,Urban,409,32916,1521.71
20,Male,19,0,Van,5859,4,Urban,632,20967,500.0
24,Female,34,0,Sedan,8636,7,Suburban,678,49022,877.02
18,Female,6,0,Sedan,7534,5,Rural,384,11468,500.0
35,Male,15,1,Coupe,29663,8,Rural,697,14294,2401.09
55,Female,8,0,SUV,12469,11,Urban,546,31222,1540.67
39,Female,35,0,Sedan,24815,3,Suburban,783,47447,1755.22
51,Female,19,0,Van,8732,6,Urban,591,25993,1031.53
27,Male,3,0,SUV,14132,13,Suburban,787,30725,1393.85
61,Female,3,0,Coupe,26227,7,Suburban,458,38769,2279.04
34,Male,1,0,Sedan,8401,4,Urban,769,36436,959.41
56,Female,4,0,Sedan,8573,11,Suburban,418,21001,1123.6599999999999
35,Male,13,0,Van,6140,15,Rural,602,41781,1064.81
61,Female,25,0,Sedan,25983,4,Urban,443,24837,1872.52
46,Male,8,0,Sedan,29255,13,Urban,696,24482,2102.57
62,Female,5,1,Sedan,17779,12,Suburban,617,15269,2096.64
60,Male,36,0,Van,12035,6,Rural,326,16163,1103.38
57,Male,20,0,Coupe,28972,14,Rural,366,8941,2098.0099999999998
43,Male,6,0,SUV,9818,4,Urban,629,22731,1108.21
18,Female,18,1,Truck,21378,5,Urban,405,9858,1812.48
51,Female,34,0,SUV,20902,15,Urban,584,11107,1651.1699999999998
49,Female,28,0,Truck,24053,7,Rural,533,7600,1713.65
59,Male,39,0,Van,12900,15,Rural,454,25937,1354.37
40,Male,18,0,Coupe,21829,4,Urban,413,35455,1696.0
53,Female,11,0,Truck,12717,7,Rural,651,18044,1376.29
64,Female,34,0,SUV,26238,1,Rural,349,27638,2003.2800000000002
48,Male,4,0,Truck,24232,2,Urban,579,11768,1799.28
69,Male,3,0,Van,5693,4,Urban,689,46981,1319.46
29,Female,7,0,SUV,9248,11,Urban,758,30886,1121.26
37,Male,26,0,Van,28445,11,Urban,589,40492,2062.17
70,Male,39,0,Truck,28170,9,Urban,472,22471,2253.21
25,Female,30,0,Truck,7960,3,Suburban,556,25855,781.55
70,Male,14,1,Sedan,6765,3,Urban,677,43498,1728.23
68,Male,27,1,Coupe,17986,14,Rural,809,11514,2149.44
31,Female,37,1,SUV,23682,11,Urban,679,46914,2373.24
41,Male,31,0,Sedan,13302,5,Suburban,783,15677,931.87
36,Male,28,0,Sedan,13756,8,Suburban,739,42299,1230.79
43,Female,1,0,Coupe,12658,4,Suburban,416,20173,1199.63
68,Male,5,0,SUV,7858,14,Urban,817,41835,1606.25
50,Female,39,1,Coupe,7649,12,Urban,533,28511,1532.56
21,Male,19,1,Truck,8721,1,Urban,847,27785,1323.9
65,Female,38,0,SUV,20346,13,Urban,838,6521,1667.5100000000002
65,Male,36,0,Sedan,19313,1,Suburban,454,35671,1587.3600000000001
60,Female,36,0,Van,17589,12,Rural,304,29868,1608.13
52,Female,4,0,Sedan,13882,6,Rural,493,14230,1206.3999999999999
28,Female,10,0,SUV,25896,8,Urban,702,10319,1677.9900000000002
70,Female,28,0,Sedan,19288,15,Urban,507,16209,1691.49
52,Male,2,1,SUV,14590,8,Rural,793,29585,2085.35
48,Male,37,0,SUV,10520,15,Suburban,670,31866,1294.66
28,Female,6,0,Truck,9227,6,Suburban,737,38331,1164.66
50,Female,18,0,Coupe,10928,8,Suburban,758,46523,1421.63
44,Female,33,0,Coupe,7646,15,Urban,566,7168,833.98
42,Female,27,0,SUV,9931,14,Urban,447,32587,1247.42
34,Male,34,0,Sedan,12649,4,Suburban,808,15349,795.94
26,Male,13,0,Van,29669,15,Suburban,499,39052,2123.9700000000003
48,Male,6,0,Truck,17342,7,Urban,689,23047,1632.57
20,Male,21,0,Truck,27560,3,Rural,415,27801,1776.01
34,Male,28,0,Sedan,22788,3,Urban,687,7927,1243.67
51,Male,30,0,Coupe,26238,13,Suburban,679,40684,2153.7400000000002
54,Male,35,1,SUV,25007,10,Rural,396,6426,2259.61
41,Female,26,1,Truck,7987,3,Suburban,751,25680,1461.1499999999999
24,Male,5,1,Sedan,9586,14,Rural,757,35953,1543.83
54,Female,10,0,Van,10664,3,Urban,591,18518,1083.38
33,Female,22,0,Truck,27822,14,Urban,697,25122,2052.3199999999997
62,Male,37,0,Coupe,29932,6,Rural,706,47329,2374.89
62,Female,16,0,Coupe,27969,12,Urban,822,7427,2072.7200000000003
24,Male,39,0,SUV,28766,10,Urban,437,12786,1691.16
53,Male,7,1,Van,9240,5,Suburban,549,41288,1774.88
70,Female,6,0,Van,28821,11,Rural,754,20039,2306.44
21,Female,12,0,SUV,13268,15,Suburban,686,35686,1325.26
42,Female,37,0,Truck,24159,11,Rural,359,32274,1910.69
60,Female,19,0,Truck,7340,1,Suburban,687,28498,1151.98
69,Female,40,0,Van,10621,11,Rural,843,15728,1173.33
44,Male,30,0,Truck,10080,13,Suburban,697,15255,1121.55
62,Female,32,0,SUV,7897,4,Urban,703,11718,962.03
65,Female,17,0,Truck,16329,3,Suburban,308,46710,1873.5500000000002
18,Male,12,0,Coupe,26062,14,Urban,533,16658,1679.6799999999998
64,Male,22,1,Sedan,26371,13,Rural,310,22889,2552.44
64,Female,15,0,Coupe,7363,11,Rural,649,46917,1447.32
20,Male,33,0,Truck,25797,12,Rural,595,11455,1599.3999999999999
62,Male,37,0,Coupe,9207,9,Urban,417,28765,1198.0
29,Male,13,0,SUV,19628,3,Suburban,449,6488,1246.2800000000002
19,Male,13,0,SUV,10821,10,Suburban,421,40938,1155.4299999999998
45,Male,4,1,Sedan,20071,11,Urban,737,21968,2098.23
49,Female,1,1,SUV,16476,9,Rural,785,38156,2255.36
30,Male,9,1,SUV,28886,1,Rural,313,33553,2479.8300000000004
57,Female,40,0,Coupe,9064,13,Suburban,480,45321,1351.41
36,Female,13,1,Coupe,29091,3,Rural,782,49217,2666.7200000000003
58,Male,20,0,Van,5892,1,Urban,691,29358,913.1800000000001
20,Female,22,0,Sedan,18648,1,Suburban,514,32730,1144.7
67,Female,39,0,Van,12725,14,Rural,369,13104,1282.29
55,Male,33,0,Coupe,15554,3,Suburban,520,37262,1460.3200000000002
61,Female,21,0,Coupe,11267,13,Rural,646,46903,1612.3799999999999
32,Female,6,0,Van,15259,1,Urban,779,40169,1299.64
21,Female,15,1,Coupe,12264,6,Rural,456,48277,1700.97
20,Female,16,1,Coupe,8031,1,Suburban,390,36515,1281.7
18,Female,33,1,SUV,22279,3,Rural,559,6780,1671.75
25,Female,23,0,Truck,16194,5,Rural,826,16039,1160.0900000000001
33,Male,29,0,Coupe,15891,8,Urban,604,49469,1474.24
39,Male,39,0,Coupe,19656,13,Urban,665,22281,1475.61
27,Female,18,0,Sedan,26070,12,Urban,794,16501,1608.51
69,Male,38,1,Van,10913,4,Suburban,615,37865,1814.3000000000002
29,Female,35,0,SUV,29970,7,Urban,328,16523,1813.73
56,Female,13,1,Sedan,29018,12,Urban,518,21976,2625.66
65,Female,6,0,Van,26070,9,Suburban,342,6412,1952.62
32,Male,17,0,SUV,17277,15,Urban,566,17231,1426.1599999999999
64,Male,4,1,Van,7804,12,Urban,314,38297,1903.17
47,Male,17,0,SUV,7067,9,Urban,342,48592,1289.27
58,Female,4,1,Coupe,5773,6,Urban,650,29562,1614.27
68,Male,39,0,Truck,17566,7,Rural,339,16217,1610.47
36,Female,12,0,Sedan,20853,14,Suburban,701,37717,1709.8200000000002
20,Male,27,0,Truck,29762,15,Suburban,515,5889,1816.99
34,Male,15,0,Sedan,28745,13,Suburban,452,15483,1832.08
28,Female,5,0,Coupe,7879,2,Suburban,784,44332,1002.27
30,Female,33,0,Van,20377,2,Suburban,634,48472,1498.57
33,Female,27,1,Coupe,20648,9,Rural,393,9674,1839.14
41,Male,6,0,Sedan,9939,4,Rural,693,24403,960.98
51,Male,21,1,SUV,21589,15,Rural,550,23805,2377.5
34,Female,35,0,Sedan,20290,11,Suburban,759,39564,1520.1399999999999
43,Male,5,0,Van,12126,7,Rural,813,22611,1172.4099999999999
49,Female,9,0,Sedan,16833,2,Suburban,375,16718,1263.8300000000002
63,Male,10,1,Truck,28300,7,Urban,741,24582,2825.82
51,Male,26,0,Van,8055,9,Urban,398,8912,836.87
18,Female,23,0,Coupe,20440,14,Suburban,662,40512,1582.12
69,Male,25,0,SUV,13518,3,Suburban,585,25198,1467.88
37,Male,31,0,Coupe,11694,11,Suburban,641,17207,1016.77
28,Male,19,0,Coupe,25044,13,Rural,570,27323,1785.43
43,Female,40,0,SUV,29593,2,Suburban,335,48595,2155.6
41,Female,25,0,Coupe,7683,4,Urban,439,34672,955.87
53,Female,16,0,Coupe,16292,10,Rural,350,32865,1623.25
65,Female,24,0,Truck,20276,12,Rural,301,8741,1791.2100000000003
28,Male,17,0,SUV,18646,15,Rural,328,16659,1448.8899999999999
64,Male,35,1,Van,28953,2,Suburban,378,34584,2618.4900000000002
24,Female,20,1,Sedan,10355,6,Suburban,382,14643,1174.18
50,Female,33,0,Coupe,17020,5,Suburban,368,45647,1597.47
35,Female,11,0,Sedan,29641,15,Urban,576,41038,2192.4300000000003
24,Male,36,0,Van,15292,1,Rural,691,10502,774.62
63,Female,31,0,SUV,12168,11,Rural,652,30645,1484.8500000000001
37,Female,36,0,Van,29456,14,Rural,754,49276,2195.5600000000004
47,Female,31,1,Sedan,14666,3,Suburban,375,9413,1467.4299999999998
53,Male,20,0,SUV,8212,3,Suburban,721,38993,1205.53
63,Female,30,1,Sedan,9336,6,Rural,505,36207,1678.87
52,Male,34,0,Van,19921,14,Suburban,698,19665,1582.7
26,Female,34,0,Sedan,28018,9,Urban,751,13718,1543.0800000000002
39,Male,40,0,Van,21297,8,Suburban,788,14859,1353.4399999999998
48,Male,6,1,Coupe,14236,1,Suburban,731,12570,1682.5
66,Male,23,0,Van,19162,8,Urban,680,8129,1534.3899999999999
19,Female,21,1,Truck,16419,3,Suburban,739,6292,1493.8700000000001
32,Female,10,0,SUV,15741,5,Suburban,374,48807,1550.12
43,Female,29,0,Sedan,27390,11,Urban,647,7674,1676.24
69,Female,12,0,Truck,19185,14,Suburban,743,34874,2127.99
24,Female,9,0,Sedan,6952,6,Suburban,502,16290,575.5
30,Female,38,1,Truck,10183,1,Suburban,698,30486,1419.0100000000002
70,Male,38,0,Coupe,14107,10,Rural,470,34735,1592.6999999999998
22,Male,40,0,Sedan,9284,15,Urban,478,5555,544.75
47,Female,5,0,SUV,17134,15,Urban,560,8476,1541.46
31,Male,27,0,Sedan,11149,14,Rural,550,49541,1217.8600000000001
64,Female,22,1,Van,11731,2,Urban,369,28897,1765.52
61,Male,3,1,SUV,15610,13,Urban,306,13384,2134.34
22,Female,15,0,Sedan,17767,13,Urban,634,41801,1426.3600000000001
63,Female,5,1,SUV,22681,9,Urban,710,28677,2590.82
66,Male,37,0,Sedan,29273,11,Urban,580,47976,2363.41
48,Female,28,1,Truck,26971,15,Rural,715,14967,2543.2200000000003
32,Female,28,0,Coupe,24589,12,Rural,320,33149,1800.94
34,Female,9,0,Truck,21623,9,Rural,540,16127,1652.42
26,Male,16,1,Van,27421,2,Suburban,769,11430,2025.3500000000001
58,Female,40,0,Sedan,24784,5,Urban,690,30835,1782.5500000000002
59,Female,5,1,Van,18439,13,Rural,444,38411,2396.06
31,Female,7,0,Coupe,9814,8,Rural,494,14620,911.9000000000001
44,Male,27,0,Sedan,24020,2,Urban,564,43899,1754.99
19,Female,23,0,Coupe,6351,5,Suburban,397,6560,500.0
40,Female,28,1,Sedan,18439,14,Urban,458,39269,2064.64
59,Female,39,1,Coupe,19384,9,Suburban,497,41021,2289.41
26,Female,13,1,SUV,19095,7,Suburban,821,45513,2139.88
70,Female,8,1,Van,13082,7,Urban,484,15262,1901.7199999999998
44,Male,16,1,Coupe,12165,5,Urban,781,41146,1834.71
25,Male,4,1,Truck,13781,5,Rural,343,44908,1923.1299999999999
50,Female,11,0,Sedan,27005,10,Rural,385,16258,1887.83
31,Male,32,1,Coupe,20341,4,Suburban,509,19709,1804.14
61,Male,24,0,SUV,19648,8,Suburban,683,44634,1968.7400000000002
56,Male,29,1,SUV,17784,12,Rural,747,35021,2264.41
52,Female,35,0,Sedan,8133,1,Suburban,828,39698,943.63
49,Female,15,0,Coupe,13511,11,Urban,413,18979,1325.34
67,Male,25,0,SUV,27098,2,Suburban,830,30248,2162.38
70,Male,1,0,Sedan,5774,2,Rural,767,26904,1062.74
43,Male,26,0,Coupe,19266,7,Urban,631,18208,1430.3799999999999
49,Male,33,0,Van,21911,4,Suburban,652,12471,1435.2600000000002
29,Male,3,1,Coupe,13983,5,Rural,496,46767,1896.8200000000002
27,Male,6,0,Coupe,5906,9,Urban,650,41298,963.28
70,Male,15,1,Coupe,27801,10,Urban,451,23189,2776.94
36,Female,24,0,Van,21639,12,Rural,449,46298,1794.93
39,Male,36,1,Sedan,26509,6,Suburban,738,9881,2004.26
30,Male,35,0,SUV,10710,6,Suburban,682,5911,739.61
55,Male,5,0,Truck,13902,2,Rural,408,11577,1345.87
41,Female,17,0,SUV,22033,13,Suburban,501,22449,1776.14
20,Female,17,0,Van,18644,3,Suburban,824,42716,1349.3600000000001
24,Female,17,0,Sedan,28957,4,Urban,823,37402,1816.87
21,Male,39,0,Coupe,25103,12,Suburban,331,27445,1604.6000000000001
26,Female,21,0,Coupe,26078,11,Rural,666,7926,1583.16
20,Male,10,1,Van,29291,3,Rural,469,10304,2092.59
34,Male,31,1,SUV,15577,11,Urban,634,33599,1894.84
63,Female,15,0,Coupe,20214,3,Suburban,732,18187,1672.5700000000002
67,Female,27,0,Truck,21668,2,Suburban,388,34237,1970.77
47,Male,5,0,Van,25119,9,Urban,702,15019,1816.14
35,Female,20,1,Coupe,11397,11,Rural,532,27887,1643.7199999999998
70,Male,37,0,Coupe,14195,2,Suburban,538,9551,1230.26
44,Female,6,0,Sedan,8927,6,Suburban,670,6400,790.35
22,Male,16,0,Sedan,28410,1,Urban,301,13338,1488.88
69,Male,27,0,Van,16135,4,Suburban,369,5515,1306.9
31,Female,11,0,Sedan,11967,10,Rural,364,19163,974.98
49,Female,21,0,Coupe,19587,2,Rural,537,45826,1732.61
63,Female,22,1,Coupe,12380,9,Rural,573,17288,1826.88
68,Male,4,1,Truck,18676,12,Urban,563,48448,2738.28
25,Male,2,1,Van,13958,6,Rural,694,26107,1618.97
47,Male,34,0,Truck,29991,3,Urban,489,39365,2218.2000000000003
37,Female,1,0,Coupe,9229,6,Rural,674,34299,1139.44
45,Male,20,0,Truck,7632,3,Suburban,849,5434,810.94
32,Male,26,0,SUV,26571,1,Urban,486,29624,1759.7900000000002
60,Female,10,0,SUV,20273,3,Rural,469,40065,1939.3000000000002
61,Male,14,0,Coupe,10988,7,Suburban,565,8641,1160.8100000000002
19,Female,32,0,Van,18861,4,Urban,366,14649,1009.54
33,Female,14,0,Coupe,7607,1,Suburban,327,18480,720.1500000000001
18,Female,15,0,Sedan,15257,6,Rural,394,13893,876.78
33,Female,25,0,Coupe,15504,7,Urban,845,18014,1145.3400000000001
56,Male,28,0,Sedan,29252,2,Urban,594,32180,2014.3999999999999
24,Male,7,0,Truck,19100,13,Urban,763,22625,1561.25
54,Female,26,0,Coupe,9719,2,Urban,665,45901,1264.96
37,Female,12,0,Van,16819,2,Rural,316,39149,1402.44
61,Male,3,0,Van,12554,13,Suburban,763,14627,1393.97
30,Female,29,0,Coupe,13000,8,Urban,400,29701,1102.01
49,Male,31,0,Truck,5377,10,Rural,589,43119,1165.04
34,Female,29,1,Sedan,16522,6,Suburban,545,30630,1697.3999999999999
62,Female,28,0,Van,29328,7,Urban,340,20446,2085.86
34,Female,22,0,SUV,16517,12,Urban,549,36422,1530.07
63,Male,34,0,SUV,5324,1,Urban,499,47590,1147.1000000000001
32,Male,19,0,SUV,8759,2,Rural,568,10709,730.0400000000001
44,Male,16,0,Van,17476,4,Suburban,820,26099,1384.79
29,Female,17,0,Sedan,8870,15,Urban,402,33807,991.5699999999999
26,Female,11,0,Truck,26872,13,Suburban,339,10773,1831.33
49,Male,9,1,Truck,27352,13,Urban,735,23628,2723.88
63,Female,15,0,Van,22636,12,Suburban,638,25320,1950.0000000000002
40,Female,12,0,Coupe,8099,12,Suburban,482,39326,1198.21
42,Male,26,0,Van,27404,7,Suburban,805,43284,2028.04
58,Male,39,1,SUV,13069,12,Rural,762,42619,2074.64
41,Female,37,0,Van,28877,7,Suburban,396,34737,1951.2199999999998
25,Male,24,1,Truck,25967,5,Suburban,378,16638,2149.73
52,Female,9,0,SUV,26632,11,Suburban,451,27551,2177.1099999999997
25,Female,12,0,SUV,13811,5,Urban,844,38253,1268.08
59,Male,32,0,Van,19602,1,Suburban,645,5242,1307.52
55,Female,20,0,Sedan,9665,2,Rural,778,25957,1002.8199999999999
70,Female,28,0,Truck,15563,3,Rural,733,47349,1836.64
38,Female,12,0,SUV,29309,10,Urban,581,8076,1946.21
39,Female,27,1,Sedan,12735,6,Suburban,619,24058,1502.33
42,Female,25,0,Coupe,29550,10,Urban,676,49961,2302.11
37,Female,28,0,SUV,13180,2,Rural,346,25967,1108.67
46,Male,37,0,Coupe,13056,10,Urban,818,7164,1029.44
51,Female,21,0,Van,12282,14,Rural,468,16806,1227.1599999999999
61,Female,3,1,Sedan,23654,14,Suburban,482,29233,2560.0299999999997
39,Male,2,0,Truck,13593,10,Suburban,499,16336,1353.0100000000002
42,Female,21,0,Truck,13899,6,Urban,817,42146,1501.41
60,Male,26,0,Truck,9575,15,Urban,326,8448,1238.23
38,Male,13,0,Van,7756,6,Rural,363,31902,941.8199999999999
60,Female,14,1,Truck,19509,1,Suburban,306,24971,2250.16
19,Female,17,1,Truck,20568,13,Suburban,730,39174,2200.1400000000003
22,Male,34,0,Coupe,18001,13,Urban,462,36532,1390.37
46,Male,19,0,Coupe,27001,13,Urban,529,15922,1949.2700000000002
23,Female,24,0,Coupe,11022,12,Rural,554,37821,1099.31
35,Female,1,0,Truck,27117,10,Rural,701,16301,1993.86
38,Male,29,0,Sedan,24490,1,Urban,735,29550,1550.0
62,Female,5,0,SUV,10651,6,Rural,570,27460,1422.15
30,Male,7,0,Coupe,14076,6,Suburban,765,31205,1250.85
54,Male,31,0,Van,5107,7,Urban,471,13087,706.22
18,Female,23,0,Van,10854,9,Urban,812,19181,764.51
35,Male,16,0,Truck,11016,3,Suburban,597,43149,1277.29
36,Female,38,0,Van,23856,4,Urban,372,8778,1340.5800000000002
42,Male,13,0,Van,11132,2,Rural,561,12894,900.54
21,Female,13,0,Truck,6820,7,Urban,548,22001,791.01
64,Female,21,0,Sedan,25216,12,Urban,460,25732,2013.1200000000001
64,Female,37,0,SUV,9321,13,Suburban,506,44242,1488.47
19,Female,11,0,Van,29177,15,Urban,434,39011,2038.96
48,Male,12,0,Truck,9297,1,Suburban,625,12643,1006.28
19,Male,19,0,Sedan,28508,1,Urban,740,44487,1760.27
61,Female,8,0,Sedan,24996,8,Rural,480,13643,1856.2300000000002
22,Male,16,0,Coupe,7206,8,Urban,833,43639,936.6899999999999
24,Male,26,0,Coupe,22519,9,Suburban,537,45891,1709.8600000000001
37,Female,5,0,SUV,6020,5,Rural,832,10089,751.89
26,Male,3,0,SUV,29186,6,Suburban,312,32300,2047.3000000000002
68,Male,30,0,Truck,22896,15,Rural,413,26020,2140.0
67,Male,9,0,SUV,21092,7,Suburban,629,28869,2003.29
30,Male,31,0,Coupe,12772,2,Suburban,552,44842,1142.02
69,Male,28,1,Van,14536,8,Suburban,360,26167,1988.47
21,Male,34,1,SUV,20455,14,Suburban,499,40714,2109.89
54,Male,38,0,Truck,5417,6,Rural,388,31961,1010.46
31,Male,11,0,Van,15766,6,Suburban,554,34854,1311.84
26,Female,16,0,Van,21813,14,Suburban,430,32868,1639.3300000000002
23,Female,9,0,Coupe,27150,7,Rural,609,30806,1835.56
45,Female,14,0,SUV,28944,10,Suburban,363,39057,2297.77
64,Female,15,0,Sedan,15159,5,Suburban,307,5876,1236.71
69,Female,31,0,Coupe,21830,6,Rural,498,18064,1777.14
23,Male,21,1,Sedan,9869,13,Rural,800,39574,1489.19
27,Female,37,0,Sedan,25885,10,Rural,573,23950,1548.75
43,Female,7,0,Van,14071,2,Suburban,527,39903,1357.58
19,Female,10,0,Truck,16118,3,Urban,373,11767,1088.5700000000002
30,Female,5,0,Coupe,12923,15,Rural,462,49094,1517.0900000000001
66,Female,9,1,Truck,18463,1,Suburban,373,19186,2225.01
20,Female,11,0,Van,9900,2,Suburban,634,26096,760.96
52,Male,9,0,SUV,22864,6,Rural,635,28784,1926.04
19,Male,26,0,SUV,13563,1,Suburban,783,30041,983.56
52,Female,27,0,SUV,17105,6,Urban,425,27938,1539.63
45,Male,15,0,Sedan,15037,14,Suburban,794,15318,1270.03
48,Male,15,0,Sedan,22424,7,Rural,845,29628,1707.48
43,Male,29,0,Van,10201,9,Urban,518,21789,977.9399999999999
37,Female,12,0,Truck,21954,15,Suburban,419,48946,2102.16
45,Female,9,1,Truck,24464,13,Rural,794,7488,2378.08
57,Female,1,0,Sedan,22767,13,Suburban,827,35551,2033.86
54,Male,11,0,Van,20557,11,Suburban,601,15328,1661.1299999999999
22,Female,9,0,SUV,5265,11,Urban,455,31620,849.45
56,Female,27,0,Truck,17799,4,Rural,595,45736,1812.31
26,Female,11,1,Sedan,6550,7,Rural,443,26627,1183.77
50,Male,22,1,Sedan,27411,8,Rural,404,20488,2365.4300000000003
53,Female,31,0,Sedan,29041,9,Rural,364,42374,2165.79
49,Male,38,0,Coupe,26078,13,Rural,341,32177,2000.67
59,Female,30,0,SUV,10255,14,Urban,564,33276,1425.51
25,Male,39,1,Van,16978,3,Urban,719,22885,1507.75
62,Female,6,1,Van,19332,14,Urban,384,18785,2284.45
48,Female,20,1,Sedan,24881,12,Urban,498,31201,2396.0600000000004
29,Female,33,0,Sedan,16747,6,Suburban,756,19159,1023.94
67,Female,28,0,Sedan,25858,7,Urban,627,27299,1980.89
20,Female,15,1,Truck,29445,4,Urban,430,26257,2399.82
21,Female,2,0,Van,5043,9,Rural,403,18563,602.78
18,Female,18,0,Coupe,21207,9,Urban,603,23824,1403.59
64,Male,31,0,Van,24299,15,Urban,564,12402,1878.97
35,Male,22,0,Coupe,28406,12,Rural,536,45178,2172.0800000000004
65,Male,1,0,SUV,19465,7,Urban,457,18641,1839.66
39,Male,3,1,Truck,23849,2,Urban,451,45799,2535.4399999999996
67,Female,21,1,Truck,28564,11,Urban,371,25565,2893.85
57,Female,32,0,Coupe,23901,2,Suburban,469,15712,1672.17
70,Male,8,0,Truck,11109,2,Suburban,534,20133,1426.78
63,Female,5,0,SUV,12993,13,Rural,711,18477,1564.42
30,Male,13,0,Coupe,27379,14,Suburban,511,49614,2190.09
48,Female,26,0,Coupe,13681,14,Suburban,824,35361,1477.6599999999999
64,Female,35,1,SUV,18667,7,Rural,625,15822,2091.5699999999997
65,Male,1,0,Truck,19460,9,Urban,519,17730,1910.3
49,Female,28,0,Sedan,24256,13,Rural,786,32269,1860.4900000000002
70,Male,11,0,Sedan,14986,14,Urban,615,34519,1729.49
54,Male,17,0,SUV,13052,13,Suburban,398,47528,1707.8799999999999
41,Male,40,0,Truck,16271,6,Urban,689,16691,1260.46
32,Female,38,0,SUV,13674,12,Rural,723,48656,1410.26
26,Male,28,0,Truck,7979,5,Rural,398,35972,933.6700000000001
41,Female,29,1,Van,9960,15,Rural,423,8409,1402.09
24,Female,9,0,Coupe,7237,6,Suburban,633,34100,867.85
47,Male,31,0,Coupe,10410,11,Suburban,554,43913,1319.63
28,Male,34,1,Van,22771,7,Urban,547,40554,2089.09
29,Female,24,0,SUV,10339,5,Rural,593,48073,1172.68
62,Male,31,1,Coupe,17188,14,Suburban,688,7385,1988.25
48,Male,33,0,Truck,5225,3,Suburban,588,15402,755.27
23,Female,33,1,Truck,11507,1,Suburban,429,20305,1338.3999999999999
35,Male,15,0,Coupe,19729,15,Suburban,716,28190,1648.3500000000001
22,Male,29,0,Truck,26673,15,Rural,536,13237,1746.02
27,Female,30,0,Coupe,26181,2,Urban,345,17731,1516.3600000000001
21,Female,24,0,Coupe,27064,13,Suburban,739,48088,1999.08
68,Female,27,0,SUV,23519,13,Rural,629,39595,2241.9
21,Female,16,1,Truck,5625,2,Urban,559,49356,1414.81
32,Female,22,0,Sedan,8640,8,Urban,771,14070,682.7
27,Female,10,0,SUV,16528,3,Rural,386,24513,1266.5300000000002
20,Male,4,1,Van,16595,9,Rural,503,21736,1692.1100000000001
60,Female,2,1,SUV,27304,15,Urban,607,40336,3013.56
49,Male,20,0,SUV,13788,3,Suburban,781,5127,1105.67
31,Female,10,0,Coupe,14764,3,Suburban,701,25749,1180.69
38,Female,16,0,Coupe,29513,7,Urban,640,37076,2131.41
20,Male,3,0,Sedan,22046,14,Rural,800,26357,1540.8700000000001
45,Male,14,1,Sedan,27928,1,Suburban,710,23340,2304.8
25,Male,33,0,Coupe,13098,1,Suburban,593,18392,818.8199999999999
64,Male,40,0,SUV,7285,12,Urban,796,17476,1089.01
21,Male,15,0,SUV,16314,6,Suburban,355,14887,1119.5700000000002
46,Female,30,0,Van,19933,15,Rural,352,40608,1767.73
27,Male,20,0,Van,8776,6,Suburban,716,20946,738.26
37,Male,24,0,Coupe,12606,2,Rural,747,29792,1088.22
23,Female,3,0,SUV,25424,10,Rural,573,31111,1877.31
22,Female,30,0,Sedan,17231,12,Urban,327,48889,1380.44
45,Male,4,0,Sedan,13894,15,Rural,426,12382,1253.52
48,Female,8,1,Van,21197,5,Rural,705,27224,2177.09
22,Male,9,0,Sedan,25906,11,Rural,784,33662,1751.92
20,Female,39,1,SUV,6272,4,Suburban,741,11233,920.9300000000001
57,Male,24,0,Sedan,28246,5,Urban,312,28098,1998.2800000000002
35,Male,4,0,Truck,21536,7,Urban,478,33665,1828.4500000000003
20,Male,39,0,Coupe,24211,1,Urban,741,29312,1403.67
27,Male,35,0,SUV,17674,11,Rural,484,41631,1490.01
56,Female,36,0,Van,13945,10,Suburban,410,9347,1150.72
46,Male,7,0,SUV,21737,12,Rural,803,38253,2004.3799999999999
22,Male,40,0,Truck,18741,14,Rural,752,25613,1403.1799999999998
41,Female,17,0,SUV,28834,12,Rural,364,34959,2226.29
21,Female,20,0,SUV,5659,15,Urban,550,35108,899.03
59,Male,7,0,Sedan,12578,11,Suburban,417,48704,1615.94
43,Male,27,0,Coupe,12951,15,Rural,628,35591,1403.46
29,Male,18,0,Van,6126,4,Rural,795,5877,500.0
57,Female,33,0,SUV,29422,12,Urban,523,18594,2172.04
42,Male,18,0,Van,8474,4,Suburban,690,5316,696.86
67,Female,19,1,SUV,23687,4,Rural,781,27568,2525.0299999999997
47,Male,12,1,Van,21511,1,Urban,715,13984,1970.39
34,Male,13,0,Truck,18124,3,Suburban,374,13820,1344.4
19,Female,20,0,Van,22478,15,Urban,335,45815,1727.0500000000002
29,Female,39,1,Truck,21245,10,Rural,586,29339,2080.64
22,Female,25,0,Van,20641,13,Urban,709,17629,1328.3400000000001
33,Male,28,0,SUV,26618,9,Suburban,341,9895,1684.8500000000001
61,Male,5,0,Coupe,12357,5,Rural,481,41738,1575.23
47,Male,8,0,Coupe,19797,9,Urban,794,12563,1560.48
44,Female,22,0,Coupe,6236,13,Rural,805,21222,929.02
33,Female,30,1,SUV,6136,9,Urban,542,44828,1500.08
19,Male,14,0,Truck,19555,14,Suburban,328,8523,1372.98
52,Male,14,1,Coupe,23110,2,Suburban,456,18283,2198.33
52,Male,18,0,Van,27378,11,Rural,393,48858,2282.48
56,Female,8,0,Sedan,17831,11,Rural,743,27925,1635.8
69,Female,40,0,Sedan,13866,10,Urban,394,29355,1406.85
45,Male,18,0,Van,26257,6,Urban,743,9090,1683.75
29,Male,16,0,Sedan,22649,12,Suburban,784,43285,1735.3000000000002
38,Female,40,1,Truck,8181,9,Suburban,699,49477,1698.82
55,Male,4,0,SUV,28537,2,Suburban,336,39419,2311.04
21,Female,36,0,Sedan,8202,9,Suburban,511,20319,558.29
36,Male,12,0,SUV,5329,4,Urban,819,6489,621.34
64,Male,5,0,Truck,22069,3,Suburban,328,14668,1890.13
23,Female,37,0,Van,19038,4,Urban,838,42783,1314.73
70,Female,11,0,Coupe,25413,10,Suburban,732,10607,2051.7200000000003
44,Male,1,0,Truck,24926,3,Urban,568,36226,2068.5600000000004
29,Female,32,1,Coupe,23984,10,Urban,391,7738,1936.58
25,Female,40,0,Sedan,15023,11,Rural,416,25053,996.68
37,Male,31,1,Van,7865,14,Suburban,365,9366,1241.91
60,Female,16,0,SUV,27574,15,Urban,332,11343,2167.1299999999997
37,Male,6,0,Coupe,7686,6,Urban,580,45150,1145.8
42,Male,2,0,SUV,19110,10,Urban,552,39903,1844.53
67,Female,23,0,Sedan,9987,13,Suburban,316,42607,1455.4199999999998
26,Male,18,0,Sedan,8695,8,Urban,481,8833,593.08
29,Male,5,0,Coupe,17844,12,Suburban,571,14513,1362.33
41,Female,26,1,Van,12501,6,Rural,566,6229,1387.34
62,Female,16,0,Coupe,21433,5,Rural,779,40318,1969.8300000000002
70,Female,23,0,Truck,29940,3,Rural,425,15431,2261.31
43,Female,24,0,SUV,11590,7,Rural,824,29540,1219.9
22,Female,8,0,Coupe,19316,4,Rural,714,21834,1304.1399999999999
38,Male,33,0,Coupe,16497,13,Urban,307,11202,1226.87
46,Female,31,1,Van,20985,11,Rural,430,9521,1944.46
48,Male,23,0,Coupe,25125,12,Urban,688,36082,2042.07
22,Male,22,0,Truck,9274,9,Suburban,389,37718,1065.88
61,Female,31,0,Coupe,13607,13,Suburban,339,35454,1564.8899999999999
62,Male,15,0,Coupe,18688,4,Urban,342,12316,1542.5600000000002
69,Male,36,0,Van,29101,3,Rural,427,44362,2283.67
28,Female,31,0,SUV,27914,15,Suburban,613,27532,1951.02
61,Male,16,0,SUV,16236,7,Rural,444,33459,1711.3899999999999
19,Female,35,0,Coupe,19975,15,Urban,698,28901,1407.76
60,Female,15,0,Van,8959,1,Urban,780,42488,1242.83
54,Male,28,1,SUV,23971,15,Rural,397,34075,2594.3
25,Male,1,0,SUV,15371,13,Rural,706,27292,1411.47
25,Female,12,0,Truck,21540,9,Suburban,803,9810,1480.1
40,Female,30,0,Van,15528,3,Urban,656,36383,1265.23
41,Female,15,0,Sedan,10945,15,Suburban,779,46797,1355.22
43,Female,17,1,Van,22986,15,Suburban,315,8416,2133.46
36,Male,15,0,Sedan,18121,1,Urban,340,36978,1355.83
47,Female,28,0,Sedan,12753,7,Rural,471,10540,958.05
31,Female,40,1,Coupe,20710,1,Rural,373,22508,1765.58
49,Female,18,0,Van,14197,13,Urban,418,35151,1486.36
24,Male,30,1,Coupe,25072,6,Rural,343,13225,1945.85
34,Male,3,1,SUV,12919,9,Urban,413,23932,1775.27
24,Male,14,0,Van,18095,9,Rural,583,47986,1519.6100000000001
18,Female,6,0,Van,22117,7,Urban,420,16091,1351.76
56,Female,35,1,Coupe,24675,5,Rural,374,10800,2181.75
70,Female,10,0,Van,12094,9,Rural,694,46961,1689.31
31,Female,23,1,Truck,20803,4,Suburban,737,7182,1846.97
29,Female,22,0,Van,24437,11,Suburban,403,9272,1489.57
44,Female,33,1,Truck,18071,11,Suburban,418,5092,1874.47
58,Female,39,0,Coupe,28514,6,Suburban,665,43728,2217.98
36,Female,22,0,Van,8704,12,Rural,323,14181,837.01
25,Female,34,0,Sedan,19423,9,Urban,756,18671,1152.8600000000001
28,Female,39,0,Sedan,14547,7,Urban,687,38860,1085.95
19,Male,24,1,Van,27685,10,Suburban,775,11593,2050.18
40,Male,15,0,Van,29956,13,Urban,623,45305,2300.8500000000004
68,Female,39,0,Coupe,11488,3,Suburban,838,15189,1136.29
20,Female,9,0,Coupe,9737,12,Suburban,333,38448,1086.33
59,Male,8,0,Coupe,10840,10,Suburban,750,19877,1320.77
61,Male,5,0,Coupe,14211,3,Suburban,428,27289,1493.44
49,Female,35,0,Coupe,19225,12,Rural,324,8754,1423.79
67,Female,9,0,Sedan,13139,13,Suburban,599,48356,1740.51
18,Male,2,0,Van,7590,7,Rural,570,31613,800.63
48,Male,24,0,Van,5188,4,Rural,566,27524,784.64
58,Female,36,0,Sedan,17717,12,Rural,759,43057,1676.4199999999998
27,Male,26,0,Sedan,19046,13,Urban,537,40897,1476.27
61,Female,3,1,Truck,8618,4,Suburban,836,7777,1643.67
25,Female,39,0,Sedan,18659,12,Rural,845,6851,1016.46
70,Female,19,0,Van,21190,4,Suburban,494,41833,1972.83
25,Male,39,0,Sedan,23144,11,Urban,715,20498,1362.18
48,Male,3,0,Van,21434,15,Urban,646,37244,1964.14
31,Female,1,0,Coupe,11124,11,Rural,445,34116,1247.3600000000001
64,Male,25,0,Van,6126,11,Rural,322,15216,968.4599999999999
29,Male,20,1,Truck,7724,4,Suburban,507,36585,1482.0500000000002
28,Female,25,0,SUV,26107,7,Urban,603,15314,1648.49
34,Female,37,0,SUV,12207,11,Suburban,850,48255,1342.9
38,Male,2,0,Truck,17461,8,Rural,611,40089,1743.94
40,Male,2,0,SUV,28929,1,Suburban,658,42376,2205.21
57,Male,33,0,Coupe,27250,8,Suburban,668,39145,2158.95
54,Female,23,0,Coupe,5222,2,Suburban,707,11121,707.3100000000001
