address,area,floor,rooms,built_year,price
서울시 송파구,54.4,4,3,2001,53437
경기도 수원시,80.0,13,3,2010,87473
부산시 사하구,110.3,16,3,2010,124836
전남 순천시,82.4,25,2,2002,80122
경기도 성남시,62.3,14,1,1998,51554
충북 청주시,112.6,19,4,2017,125739
인천시 부평구,95.6,5,3,2001,93571
경기도 성남시,65.4,6,2,2018,60976
경기도 고양시,73.0,16,2,1994,79500
인천시 연수구,69.1,23,1,2001,72306
경기도 성남시,47.1,5,1,1994,42518
부산시 해운대구,85.2,25,3,2003,100658
인천시 부평구,79.2,5,2,1993,81473
광주시 북구,102.8,4,1,2016,93548
서울시 송파구,54.0,2,2,1996,53055
서울시 강서구,87.0,3,2,2000,94366
부산시 사하구,80.4,15,1,2009,85224
세종시,85.0,15,2,1993,88091
인천시 연수구,105.6,19,4,1993,102373
서울시 은평구,69.2,3,4,1993,67308
인천시 연수구,113.1,24,4,2000,129039
서울시 은평구,82.0,1,2,1991,82595
충북 청주시,46.4,16,2,2018,55884
경기도 수원시,96.0,18,1,2021,100664
경기도 성남시,99.8,15,3,2012,105087
부산시 해운대구,71.1,20,2,2001,76205
제주시,100.0,24,3,2011,105521
인천시 부평구,53.0,9,3,2022,59228
서울시 은평구,85.6,12,1,1993,83435
서울시 송파구,100.2,12,3,2015,113624
경기도 성남시,51.5,4,4,1998,61206
세종시,113.1,9,4,1997,117125
광주시 북구,88.5,22,4,2019,111291
서울시 은평구,68.3,16,1,2008,71506
경기도 수원시,59.9,4,4,1996,62025
인천시 연수구,111.9,19,4,2022,121456
전북 전주시,65.9,20,3,2022,86552
광주시 북구,66.9,24,1,1997,73138
부산시 해운대구,58.9,8,4,2005,64159
제주시,57.9,4,4,2008,57976
전남 순천시,95.2,22,4,2015,101376
서울시 송파구,99.2,10,2,2015,109340
서울시 은평구,70.5,1,4,1993,72079
경기도 고양시,109.5,9,3,2001,104515
전남 순천시,82.3,1,2,1998,71032
광주시 북구,84.3,1,1,1993,70874
서울시 강남구,87.0,18,1,2011,93384
서울시 은평구,50.2,20,3,2018,53840
전남 순천시,80.4,20,3,1996,88383
부산시 해운대구,108.2,4,2,1990,96311
경기도 고양시,80.1,3,1,2002,76496
전남 순천시,72.3,9,3,1994,79947
경기도 수원시,54.4,6,3,1990,49325
부산시 해운대구,113.2,21,4,2022,124418
울산시 남구,110.2,3,1,2001,113858
제주시,47.7,6,1,2010,54618
경기도 수원시,101.1,7,4,2020,106011
경기도 수원시,62.9,14,4,2017,69981
경기도 수원시,75.0,2,1,2004,71295
울산시 남구,62.9,9,1,2021,58463
경기도 고양시,110.5,14,4,2007,126311
인천시 연수구,102.8,16,3,2014,117101
대구시 수성구,88.5,6,2,2021,89434
부산시 사하구,87.9,5,1,2003,77540
서울시 송파구,49.0,2,4,2018,55702
인천시 연수구,101.5,23,3,1998,101840
경기도 고양시,96.8,1,2,2018,91390
경기도 성남시,93.4,5,3,2000,86633
인천시 연수구,75.3,6,1,2013,67978
서울시 은평구,65.7,11,3,2005,63383
서울시 송파구,75.3,11,4,1996,71391
제주시,55.6,3,4,2001,62121
인천시 연수구,62.8,23,2,2001,56791
부산시 사하구,57.6,24,2,1998,52208
서울시 송파구,79.6,15,4,2009,96391
세종시,76.2,2,3,2019,89006
부산시 해운대구,108.5,21,3,1990,114636
충북 청주시,60.3,2,4,1991,49087
전남 순천시,105.2,14,2,1995,103777
인천시 연수구,56.1,10,2,2012,55076
전남 순천시,96.0,21,3,2011,102567
서울시 은평구,79.5,24,3,2020,88138
울산시 남구,64.2,21,2,1996,70230
인천시 연수구,70.0,23,4,2009,79224
부산시 해운대구,85.7,11,4,2003,80514
인천시 부평구,47.3,11,3,2008,52628
울산시 남구,109.9,7,3,2006,106132
경기도 고양시,52.9,21,3,2009,63639
광주시 북구,71.2,13,2,1998,71184
대구시 수성구,112.0,17,3,1996,115728
광주시 북구,76.7,24,2,1991,76701
충북 청주시,55.5,2,1,2022,64302
인천시 연수구,47.6,1,4,2011,51435
부산시 해운대구,49.9,5,4,2011,60250
서울시 송파구,52.8,5,4,2020,52471
전남 순천시,112.9,1,4,2006,120543
서울시 강서구,99.6,20,2,2016,107675
전북 전주시,84.2,23,4,2021,88402
경기도 수원시,49.2,17,2,2000,44303
대구시 수성구,110.1,4,1,2009,110477
부산시 사하구,67.6,11,3,2010,78854
강원도 원주시,113.0,19,4,1996,113692
서울시 은평구,46.3,25,4,2015,65008
인천시 부평구,108.0,7,4,2018,122163
부산시 사하구,111.4,5,1,1996,101083
서울시 강서구,61.6,21,3,1992,61107
부산시 해운대구,53.7,6,1,2018,62663
전북 전주시,79.4,24,3,1991,88843
부산시 해운대구,84.5,3,2,1992,75737
인천시 연수구,77.8,1,1,2007,72937
인천시 연수구,92.9,7,1,1991,96530
서울시 강남구,53.8,23,3,2020,69023
전남 순천시,89.9,13,4,1997,85149
서울시 강서구,103.6,9,3,1995,103612
서울시 송파구,84.7,12,2,2017,84688
울산시 남구,95.5,11,1,1995,93720
광주시 북구,64.1,18,2,2008,66115
강원도 원주시,49.8,9,4,2020,64128
충북 청주시,79.5,24,4,2019,98876
부산시 해운대구,48.8,17,2,2017,57630
울산시 남구,78.3,3,3,2014,84770
인천시 부평구,113.6,7,3,2005,107277
충북 청주시,85.5,1,2,1996,88212
서울시 송파구,69.6,16,2,1991,65568
부산시 사하구,79.7,17,3,2015,90028
경기도 수원시,77.3,3,2,2015,83129
전북 전주시,60.7,3,1,2022,64126
경기도 수원시,98.8,12,2,2002,100864
인천시 부평구,75.6,9,4,2007,89201
인천시 연수구,62.3,12,4,2004,60651
부산시 해운대구,65.3,18,2,1996,56078
전남 순천시,88.0,24,1,2009,102235
전북 전주시,79.2,12,2,1994,76444
경기도 성남시,79.7,5,2,1996,80033
울산시 남구,62.3,2,4,2000,67819
부산시 해운대구,106.5,10,4,2017,114380
서울시 강남구,58.5,23,4,2000,57881
부산시 해운대구,73.2,18,3,2022,92223
부산시 사하구,55.8,15,2,2005,55569
부산시 해운대구,71.7,22,3,1991,79347
부산시 해운대구,72.4,8,4,2006,78341
대구시 수성구,57.3,20,1,2005,54732
서울시 송파구,97.3,2,3,1996,85415
경기도 성남시,69.9,8,2,2017,70570
전북 전주시,97.4,14,2,2012,100865
부산시 해운대구,104.0,9,4,2007,112969
인천시 부평구,63.8,7,4,1994,55245
경기도 성남시,61.9,19,1,2000,68255
경기도 고양시,77.3,22,4,2020,91492
경기도 고양시,70.6,1,1,1991,65186
경기도 수원시,110.2,3,3,1998,102394
대구시 수성구,84.4,9,4,2000,79244
경기도 성남시,101.7,8,2,1999,101448
전북 전주시,66.1,3,4,1994,73178
강원도 원주시,72.2,24,3,1995,67836
부산시 해운대구,71.5,5,3,2007,71673
제주시,89.1,9,1,1994,87227
강원도 원주시,66.4,10,4,1993,77006
경기도 고양시,46.4,2,4,2021,62807
제주시,112.2,17,3,1995,119910
전북 전주시,53.5,20,4,2020,66905
인천시 부평구,65.6,6,1,1998,58238
대구시 수성구,103.7,3,4,2009,113078
서울시 강서구,96.1,18,3,2016,106979
울산시 남구,111.2,14,2,2016,123762
인천시 부평구,92.0,23,2,2020,95888
제주시,63.4,15,4,2018,63955
대구시 수성구,114.9,14,1,1991,118136
부산시 사하구,64.6,23,1,2004,68302
서울시 강남구,74.6,7,2,1997,71400
제주시,107.5,14,3,2020,112657
경기도 성남시,110.3,23,1,2013,116865
강원도 원주시,80.4,11,4,2011,88215
서울시 강남구,103.4,15,1,2010,108674
울산시 남구,67.6,15,1,2022,80354
인천시 부평구,107.5,24,1,1998,117810
제주시,89.5,19,3,2013,106505
서울시 강남구,111.8,5,1,1995,101469
충북 청주시,96.7,19,2,2014,106631
강원도 원주시,63.2,23,4,2021,85353
인천시 연수구,51.6,16,3,1999,54412
광주시 북구,54.9,8,2,1991,48712
광주시 북구,72.8,21,2,2008,70983
인천시 연수구,76.0,22,1,2004,84506
경기도 성남시,52.0,5,3,2011,52515
서울시 강남구,100.7,22,3,2019,112843
전북 전주시,92.7,16,2,2020,100568
서울시 강서구,79.6,1,2,2011,82277
서울시 송파구,71.9,7,4,2003,79337
인천시 부평구,53.2,1,3,1999,58812
세종시,79.8,11,2,2020,86446
세종시,65.7,4,4,2000,76019
경기도 고양시,61.2,19,2,1999,55565
충북 청주시,96.9,2,3,1990,90528
대구시 수성구,62.0,19,4,2008,70370
서울시 송파구,81.6,13,2,2019,87067
부산시 해운대구,106.2,7,1,2022,105958
세종시,68.3,7,2,2022,71934
제주시,53.2,6,1,2007,60167
부산시 사하구,83.9,15,3,2022,94071
제주시,57.2,11,4,2003,53508
제주시,94.5,23,1,2002,104173
경기도 수원시,112.9,15,3,2021,116327
인천시 연수구,78.1,10,2,2021,88959
인천시 연수구,76.3,10,4,2008,72854
대구시 수성구,49.0,12,4,2021,55491
부산시 해운대구,87.0,25,1,2019,88804
충북 청주시,109.4,3,3,1990,100014
인천시 연수구,58.0,7,3,2001,68368
부산시 사하구,111.2,1,3,2006,113137
인천시 부평구,90.6,24,3,1996,100130
서울시 강서구,49.6,7,2,2008,42865
부산시 해운대구,77.3,25,3,2015,91290
경기도 성남시,60.1,4,3,1991,48350
서울시 강남구,84.6,19,2,2008,96660
부산시 사하구,71.9,17,3,2004,78387
충북 청주시,52.8,6,2,2009,56794
경기도 고양시,56.6,18,1,1997,58372
경기도 고양시,95.9,3,1,2002,89690
강원도 원주시,102.7,12,4,2004,117554
충북 청주시,66.6,4,1,2021,59108
전남 순천시,71.6,6,2,1997,68553
서울시 송파구,114.5,9,2,2020,121231
충북 청주시,67.0,17,1,1999,70230
광주시 북구,110.8,20,4,2013,128668
세종시,86.0,20,3,1995,85022
경기도 고양시,91.7,23,2,2009,94809
전남 순천시,106.0,25,3,1999,102990
강원도 원주시,53.2,5,1,2010,47165
전남 순천시,95.9,9,4,2007,98244
서울시 송파구,59.7,4,3,2020,73188
대구시 수성구,97.3,11,1,2006,90062
경기도 고양시,83.4,21,3,2017,85897
전북 전주시,80.3,7,4,2015,89426
강원도 원주시,55.1,22,4,1991,52200
전남 순천시,109.5,7,3,2003,111162
울산시 남구,71.9,24,1,2014,84420
대구시 수성구,106.4,18,3,1997,116101
세종시,103.8,21,1,2016,102291
울산시 남구,99.7,18,3,2009,101222
충북 청주시,63.0,16,3,2000,68012
서울시 강남구,114.8,19,3,2017,127993
충북 청주시,73.1,1,1,1999,74468
부산시 해운대구,63.2,18,3,2000,75178
부산시 사하구,109.6,2,2,2000,105014
대구시 수성구,110.6,17,4,1990,116340
서울시 강서구,46.0,3,1,2010,48379
전남 순천시,70.6,15,3,2019,70178
서울시 강서구,114.3,6,2,2013,126052
전남 순천시,61.1,2,4,1993,57597
서울시 강남구,79.6,16,3,2010,94779
서울시 강서구,105.6,17,4,2020,125906
강원도 원주시,46.7,2,2,1999,48877
인천시 연수구,100.0,22,2,2014,114985
인천시 연수구,65.8,4,3,2007,74428
부산시 사하구,57.9,21,2,2017,69689
세종시,59.9,5,2,2020,70252
광주시 북구,97.4,13,1,2011,108128
전북 전주시,50.1,7,2,2020,58005
강원도 원주시,58.1,5,4,2004,66300
부산시 사하구,112.9,11,3,2002,119066
경기도 성남시,91.4,24,1,1990,86682
경기도 성남시,50.8,18,3,1994,44971
경기도 성남시,102.7,23,4,2001,110507
광주시 북구,62.3,6,1,2016,55736
서울시 송파구,65.2,9,1,1993,64908
강원도 원주시,76.4,17,2,2006,83893
인천시 부평구,69.1,22,4,2007,70616
경기도 고양시,61.3,11,1,1992,59305
울산시 남구,111.3,18,1,1995,105354
부산시 사하구,70.5,21,4,2012,77704
서울시 강서구,95.3,1,4,2020,101194
서울시 송파구,95.9,19,1,2018,101383
경기도 고양시,78.3,19,2,2022,96643
강원도 원주시,110.6,4,3,1990,109342
서울시 송파구,77.0,22,1,2018,84503
서울시 은평구,94.0,10,3,1991,94373
광주시 북구,55.2,16,4,1998,69459
세종시,62.5,7,1,2006,64169
부산시 해운대구,63.0,19,2,2016,62992
전북 전주시,59.8,11,3,2022,76242
제주시,54.1,5,1,2016,56286
세종시,85.4,7,1,2015,79424
인천시 연수구,55.2,5,4,2004,50611
세종시,48.9,8,2,2016,54626
전남 순천시,68.9,20,4,2004,68768
인천시 연수구,95.8,16,3,2005,103694
전북 전주시,57.3,22,1,2005,56183
세종시,111.9,5,3,2020,120523
제주시,88.9,6,1,2000,93948
충북 청주시,94.9,3,2,2018,89557
서울시 강서구,61.8,21,1,1995,58739
부산시 해운대구,68.9,24,3,2020,80655
서울시 송파구,56.0,18,1,1995,63107
서울시 강서구,107.9,14,2,2007,111767
경기도 고양시,45.6,8,4,2015,56595
서울시 강남구,63.9,22,1,2013,73167
전남 순천시,49.8,18,4,2016,62177
강원도 원주시,64.5,10,1,2006,56448
인천시 부평구,70.2,23,4,1999,75316
대구시 수성구,111.8,4,2,1996,100789
부산시 사하구,105.2,11,1,2014,115705
대구시 수성구,53.5,2,2,2001,58071
서울시 강서구,107.9,25,4,2021,120577
전북 전주시,104.9,17,3,2014,121346
강원도 원주시,67.2,9,2,1998,62731
인천시 연수구,85.7,5,1,2003,91838
서울시 강서구,56.7,24,4,1990,67185
제주시,65.3,15,1,2011,66767
서울시 강남구,108.8,15,3,1999,115353
경기도 고양시,100.3,21,1,2000,109049
경기도 성남시,45.8,9,2,2003,41636
광주시 북구,102.8,23,4,2008,112288
울산시 남구,102.6,1,2,2010,103784
충북 청주시,105.4,11,2,2016,114268
인천시 연수구,81.5,14,1,2013,92738
경기도 성남시,113.7,8,4,1993,120484
경기도 성남시,61.6,4,3,1994,64034
부산시 해운대구,49.4,2,2,2005,55676
경기도 고양시,86.9,2,3,2012,88454
서울시 은평구,51.3,8,3,1992,44211
인천시 연수구,46.2,8,3,1992,35218
경기도 성남시,52.6,25,1,1990,48235
대구시 수성구,62.0,16,2,2007,58104
제주시,66.8,11,3,2019,66024
인천시 연수구,77.0,2,2,2006,84396
충북 청주시,89.4,10,4,1995,84981
대구시 수성구,64.9,20,3,2010,80537
제주시,104.1,22,1,2003,105329
제주시,78.4,13,4,2001,85187
울산시 남구,49.6,19,4,2006,59059
부산시 해운대구,79.2,15,1,2019,88034
제주시,82.1,8,4,2007,85794
제주시,112.7,15,1,2013,110238
경기도 수원시,51.6,9,2,2013,57332
서울시 송파구,92.7,7,2,1994,85093
인천시 연수구,74.8,15,2,2011,73157
인천시 부평구,68.3,8,2,2009,77346
경기도 고양시,108.3,12,4,2022,118565
부산시 해운대구,66.1,18,3,2005,78222
서울시 송파구,88.1,1,1,2017,89158
부산시 해운대구,52.2,6,2,1998,55910
서울시 강서구,80.0,4,2,2004,69178
전북 전주시,88.6,6,3,1999,94021
울산시 남구,68.2,13,1,1992,57019
서울시 강서구,72.1,2,4,1996,80113
부산시 해운대구,110.9,23,2,2015,123931
광주시 북구,106.1,18,2,2018,117511
충북 청주시,74.9,23,4,1995,83614
서울시 강남구,100.2,22,2,1991,106616
강원도 원주시,74.4,19,1,2017,71206
부산시 사하구,71.6,11,1,1991,66299
서울시 송파구,48.2,9,3,2000,49277
광주시 북구,78.7,15,4,2016,92803
부산시 해운대구,63.8,13,2,2020,76203
경기도 수원시,92.8,25,1,1999,85152
전남 순천시,102.7,6,2,2021,111385
전북 전주시,96.2,25,1,2011,98155
대구시 수성구,85.3,14,4,2018,87077
인천시 연수구,77.5,24,3,2014,87644
서울시 강남구,76.6,13,3,1990,78207
인천시 연수구,55.1,9,2,1994,46823
광주시 북구,85.9,20,1,2012,90615
제주시,93.6,21,1,2014,93761
대구시 수성구,69.5,9,3,2019,83262
인천시 부평구,52.9,25,2,2016,70824
부산시 사하구,107.1,24,1,1999,112385
제주시,54.1,23,4,2022,74800
경기도 수원시,77.3,2,3,2014,81344
광주시 북구,48.1,2,4,2014,62989
전남 순천시,113.5,15,4,2019,125741
경기도 고양시,110.1,7,2,1991,110386
인천시 부평구,108.3,18,4,1991,113246
서울시 은평구,67.2,10,2,2006,74296
서울시 은평구,52.5,20,3,2006,65676
광주시 북구,112.8,3,1,2007,115151
서울시 강남구,54.8,8,1,1998,51051
광주시 북구,77.6,20,4,2010,86182
인천시 부평구,57.3,3,3,2000,60731
서울시 강남구,90.2,18,3,2016,105906
제주시,75.6,23,3,1999,84811
세종시,63.9,3,3,2001,71716
인천시 연수구,81.4,8,3,2009,93029
서울시 은평구,92.5,7,1,2019,90233
제주시,61.8,10,1,2009,70068
서울시 송파구,85.7,9,1,1991,79841
광주시 북구,62.8,10,3,2012,73830
서울시 송파구,71.7,11,1,2004,76070
제주시,56.5,23,3,2018,58359
인천시 부평구,89.3,21,3,2010,92296
인천시 연수구,78.5,13,2,2018,79813
인천시 부평구,67.9,23,1,2012,70656
광주시 북구,46.7,10,2,2020,61731
충북 청주시,66.8,17,4,2019,75119
대구시 수성구,49.4,1,2,2020,44477
서울시 은평구,83.5,8,3,2003,75345
강원도 원주시,48.6,4,1,1993,47283
서울시 은평구,56.2,7,4,2000,68423
서울시 강서구,94.4,25,1,2011,102930
대구시 수성구,73.3,4,1,1996,71901
서울시 송파구,90.6,8,2,2007,96848
강원도 원주시,93.2,16,4,2020,105747
서울시 강서구,59.5,3,4,2021,61365
서울시 강남구,53.6,6,1,2006,45278
인천시 부평구,96.9,21,2,2017,112517
부산시 해운대구,110.9,16,2,1990,104044
전북 전주시,99.0,19,3,2017,112907
강원도 원주시,105.1,3,4,2001,107216
울산시 남구,84.8,23,4,1991,98584
인천시 연수구,58.4,2,3,1999,47889
서울시 강서구,67.1,25,1,2015,64129
서울시 강남구,87.5,6,2,2017,99666
서울시 송파구,109.0,7,4,1990,112027
대구시 수성구,113.7,5,2,2010,112841
전남 순천시,95.8,24,2,2000,94863
부산시 해운대구,63.5,8,2,1999,62325
전북 전주시,110.8,24,2,2000,109647
인천시 부평구,55.3,19,1,1999,56575
울산시 남구,75.8,12,1,1998,73064
광주시 북구,57.1,6,3,1999,47391
전남 순천시,52.1,17,3,2014,53804
제주시,114.3,20,3,2005,121556
경기도 고양시,108.3,16,3,1991,99585
강원도 원주시,70.9,17,3,1994,70352
충북 청주시,49.5,4,2,2004,43880
강원도 원주시,110.8,5,3,1995,102237
경기도 고양시,66.2,24,2,2010,77309
인천시 부평구,61.9,24,2,2002,61044
광주시 북구,57.3,17,2,2005,50703
세종시,75.5,20,1,2007,73705
서울시 강서구,89.4,25,1,1994,87491
전북 전주시,54.4,19,2,2013,65537
서울시 강서구,93.5,2,1,1994,86474
서울시 은평구,88.7,4,3,2012,88048
부산시 사하구,111.2,5,2,2001,113317
세종시,63.1,8,1,1992,54816
울산시 남구,105.2,4,3,2021,105521
인천시 부평구,86.3,22,3,2019,105537
인천시 연수구,102.6,6,2,2001,102562
강원도 원주시,89.8,9,3,2015,91049
충북 청주시,110.9,13,4,2016,114258
서울시 은평구,111.3,17,1,2021,109329
경기도 고양시,47.0,13,3,1998,54517
서울시 강서구,72.7,18,1,2002,68893
부산시 해운대구,47.1,20,3,2012,50979
제주시,48.0,18,4,1998,49317
경기도 성남시,69.0,24,2,2018,69811
강원도 원주시,71.0,7,2,2022,73059
광주시 북구,76.0,17,1,2020,78895
서울시 강서구,63.5,6,3,2005,62618
경기도 고양시,70.0,5,4,2011,77603
서울시 은평구,45.5,9,2,2019,44646
경기도 수원시,53.1,5,3,1999,57496
충북 청주시,54.7,23,4,1997,58218
부산시 해운대구,88.8,3,2,1990,81850
서울시 강남구,53.4,21,2,2022,72530
울산시 남구,105.3,7,2,1991,91220
대구시 수성구,56.7,23,4,2019,64159
인천시 연수구,69.5,23,1,2019,81864
강원도 원주시,97.5,18,3,1994,105080
인천시 부평구,86.7,25,3,2020,94659
서울시 강서구,91.9,21,3,2013,105427
서울시 송파구,57.5,13,3,1991,66227
서울시 은평구,64.5,12,1,2007,57935
충북 청주시,59.6,12,4,1999,55491
경기도 성남시,113.0,5,4,2000,110048
경기도 성남시,114.1,13,4,2007,117140
세종시,94.2,8,4,2020,94852
서울시 강남구,80.3,16,2,2015,81313
광주시 북구,69.2,12,1,2004,65698
인천시 연수구,57.5,4,4,1992,60056
전남 순천시,75.2,3,1,1995,67148
강원도 원주시,45.3,24,1,2021,57579
서울시 은평구,87.0,2,1,2002,90605
경기도 성남시,89.9,12,4,2001,97642
경기도 성남시,65.0,7,2,2014,65306
경기도 고양시,71.0,22,1,2016,82208
인천시 연수구,104.2,13,3,1991,105625
강원도 원주시,55.5,3,1,2009,43913
인천시 부평구,82.7,6,2,1995,81199
경기도 성남시,49.7,17,2,1997,44167
경기도 성남시,76.7,7,2,2011,71745
서울시 강남구,94.6,24,1,2004,91818
인천시 부평구,93.3,19,4,2006,96746
서울시 강남구,70.6,21,2,1990,72600
서울시 강남구,67.7,25,1,2018,76683
서울시 송파구,52.3,19,2,1998,45230
서울시 강남구,65.3,14,4,2022,75286
서울시 강남구,97.5,21,2,1991,100417
광주시 북구,78.9,24,2,2002,85469
제주시,68.9,18,3,2017,71507
서울시 은평구,51.5,15,4,2016,61910
전북 전주시,102.8,17,1,1993,100902
세종시,105.3,6,3,2018,101686
대구시 수성구,106.5,12,2,1993,94571
대구시 수성구,71.3,22,1,2018,69226
경기도 성남시,102.2,25,2,2007,105861
부산시 해운대구,80.4,19,1,2013,88891
경기도 수원시,101.3,5,2,1994,102095
대구시 수성구,61.3,7,3,1991,61814
세종시,91.7,21,3,1999,101895
경기도 성남시,56.2,14,2,2008,59778
인천시 부평구,46.4,25,3,1997,60910
경기도 성남시,79.5,1,3,2016,85639
인천시 연수구,51.8,5,1,2005,41004
전북 전주시,114.2,14,3,2001,119597
부산시 해운대구,103.8,20,1,2012,117532
부산시 사하구,50.1,2,1,2002,51742
강원도 원주시,70.0,19,1,2001,63917
서울시 강서구,112.3,18,3,1992,117726
서울시 강서구,55.9,22,3,1993,65247
세종시,78.1,13,2,2009,88748
강원도 원주시,86.9,2,2,2013,87007
서울시 강서구,71.9,23,4,2007,74458
경기도 수원시,79.3,22,2,2012,76923
전남 순천시,61.2,12,4,1991,66488
울산시 남구,72.8,16,4,2002,76963
경기도 수원시,101.8,15,4,2012,115359
서울시 강서구,103.7,17,4,2004,110261
강원도 원주시,53.4,20,4,1999,56087
강원도 원주시,96.9,7,1,1991,96034
서울시 송파구,46.5,18,3,2006,55073
서울시 강남구,93.7,16,3,1998,87304
전남 순천시,93.7,24,1,1995,98660
경기도 수원시,99.5,18,4,2017,111664
울산시 남구,76.4,10,2,2011,80674
부산시 해운대구,67.1,22,2,1995,74194
부산시 사하구,80.5,15,2,2002,76757
세종시,99.4,20,2,1999,108558
서울시 송파구,74.7,9,2,2007,70642
전남 순천시,48.4,17,1,2018,50175
전남 순천시,63.8,4,1,2003,54555
충북 청주시,82.1,8,1,1998,78630
광주시 북구,108.8,9,2,2006,105447
울산시 남구,100.8,5,4,1992,99795
전남 순천시,106.1,24,4,2002,110688
경기도 성남시,69.6,12,2,1995,58447
울산시 남구,52.8,22,1,1999,48397
광주시 북구,76.2,1,1,2007,78509
울산시 남구,111.9,18,2,1991,103651
인천시 연수구,107.2,23,3,2011,118507
충북 청주시,113.3,20,1,2014,122140
인천시 부평구,89.8,15,1,1993,81418
서울시 은평구,62.4,15,4,2001,60135
인천시 연수구,47.2,1,2,1992,40827
경기도 고양시,110.7,18,4,2019,119848
제주시,104.8,12,1,1998,94782
인천시 부평구,73.8,1,3,2022,80656
세종시,88.0,15,2,1995,89292
전남 순천시,58.9,22,3,2008,75707
서울시 은평구,50.3,2,1,1992,36131
광주시 북구,65.7,9,1,2001,71171
제주시,47.3,15,2,2020,54765
강원도 원주시,109.8,1,4,2005,114806
전북 전주시,112.8,5,3,2020,112157
경기도 고양시,60.5,9,3,1994,66981
서울시 송파구,53.9,24,4,2004,67656
세종시,47.2,3,1,1999,37404
제주시,50.9,12,1,2017,57407
광주시 북구,55.9,9,3,2020,66197
대구시 수성구,45.8,2,1,2017,43166
경기도 수원시,81.8,1,3,2000,89588
세종시,112.7,7,3,2002,117505
서울시 강남구,69.0,21,3,2007,82874
부산시 사하구,79.1,3,4,2007,92406
강원도 원주시,60.0,1,3,1992,53666
서울시 은평구,94.2,22,4,2004,104830
강원도 원주시,84.4,18,4,2003,98729
대구시 수성구,53.1,12,2,2004,61613
강원도 원주시,50.0,24,4,2002,54441
인천시 연수구,60.0,14,3,2006,61687
부산시 사하구,86.5,25,4,1993,86117
충북 청주시,49.5,14,4,2004,47918
대구시 수성구,96.3,18,3,2016,96025
전북 전주시,73.4,8,3,2016,87907
세종시,82.6,16,2,1998,87487
전북 전주시,72.0,3,4,2006,78753
서울시 강남구,105.6,21,2,1993,113450
인천시 부평구,64.7,13,2,2014,71103
경기도 고양시,98.4,19,4,1997,101485
서울시 은평구,50.4,1,1,2017,46639
충북 청주시,62.8,9,1,2007,53600
인천시 연수구,69.3,25,3,2004,71835
세종시,78.7,23,2,1994,84417
인천시 부평구,110.8,18,4,2013,115145
전남 순천시,56.4,2,1,2021,62947
경기도 고양시,62.5,20,2,2013,66691
인천시 부평구,87.0,7,4,2010,100562
울산시 남구,70.3,4,1,1995,62262
인천시 부평구,92.3,5,2,2016,87077
서울시 은평구,53.0,4,4,2021,67651
경기도 성남시,69.7,19,4,2003,72204
인천시 연수구,69.7,24,1,2005,65279
경기도 성남시,99.8,10,1,2021,112390
부산시 해운대구,94.4,3,4,1997,84974
경기도 고양시,51.7,18,2,1993,42040
제주시,51.0,7,4,2008,53706
서울시 강서구,102.4,12,4,2019,117855
서울시 강남구,83.1,12,2,1990,84070
강원도 원주시,64.8,25,4,2000,73313
서울시 강서구,97.6,1,3,2003,103940
대구시 수성구,78.7,19,3,2021,85627
충북 청주시,45.1,7,3,1992,50686
인천시 연수구,69.8,2,3,2016,70615
부산시 사하구,52.3,2,1,2008,50608
광주시 북구,48.6,20,3,2011,55163
서울시 강남구,53.8,1,2,2002,51997
충북 청주시,51.9,4,1,2018,53660
인천시 부평구,54.9,1,4,2004,55593
대구시 수성구,113.5,4,2,2009,121859
세종시,73.2,24,4,1991,83590
부산시 해운대구,104.4,23,4,2005,104046
광주시 북구,73.9,3,2,1991,72810
인천시 부평구,91.0,18,4,2000,87330
경기도 고양시,104.5,17,4,2003,106293
서울시 송파구,51.5,22,2,2004,48842
경기도 고양시,51.0,19,3,1990,48992
세종시,61.1,23,1,2012,70877
전북 전주시,110.6,3,4,2012,109845
서울시 강서구,101.9,17,2,2008,99138
충북 청주시,74.8,21,4,1990,69049
세종시,82.3,15,3,2003,81428
경기도 성남시,50.6,13,2,2004,43712
울산시 남구,56.1,15,1,2003,57336
충북 청주시,113.4,11,4,2015,128082
경기도 수원시,91.0,2,1,2021,89076
세종시,113.9,10,3,2020,129059
경기도 고양시,102.5,21,2,2016,102206
제주시,107.6,5,4,2008,110392
경기도 성남시,77.7,8,1,2002,71169
인천시 부평구,78.6,11,1,2000,84586
광주시 북구,76.2,6,3,2014,79403
부산시 해운대구,73.2,7,3,1992,81207
울산시 남구,91.5,23,3,2003,107105
강원도 원주시,63.1,10,1,1997,53164
광주시 북구,111.3,4,1,2005,106185
경기도 성남시,97.5,14,2,1997,97418
제주시,110.6,4,4,2006,116757
서울시 은평구,108.4,20,3,2000,121115
경기도 수원시,109.4,3,4,2016,117997
전북 전주시,64.0,5,1,2021,62797
강원도 원주시,72.7,15,4,1999,73035
경기도 수원시,67.9,3,1,2011,62253
경기도 성남시,45.5,3,3,2015,40803
인천시 부평구,90.0,14,2,1992,84492
강원도 원주시,105.7,4,3,2009,110058
강원도 원주시,74.1,24,2,2003,75600
세종시,68.7,3,3,2020,80592
대구시 수성구,102.9,10,1,1998,92755
서울시 강남구,70.6,16,2,2005,68694
부산시 사하구,54.4,5,4,1996,48603
경기도 수원시,61.1,17,4,1997,64542
전북 전주시,114.4,25,2,1998,117112
서울시 강남구,51.0,12,2,2009,51066
대구시 수성구,106.1,6,3,2018,104158
전북 전주시,69.5,22,3,2004,66560
전북 전주시,90.2,21,2,2010,102480
전남 순천시,67.7,1,3,2011,73275
대구시 수성구,93.3,12,1,1994,91584
울산시 남구,52.3,9,4,1992,48595
경기도 수원시,107.4,22,1,1991,111380
제주시,81.0,11,2,1993,71473
서울시 강서구,65.9,7,4,2015,69617
경기도 성남시,64.3,2,3,2011,62031
세종시,69.0,2,4,2015,72794
인천시 연수구,45.3,23,1,1999,55218
대구시 수성구,109.8,15,4,2020,129385
경기도 고양시,60.1,14,2,1992,60161
울산시 남구,108.9,23,4,2019,129844
충북 청주시,56.2,2,1,2001,54505
세종시,96.3,6,1,1993,99823
전남 순천시,105.2,16,1,1990,109233
경기도 성남시,97.1,3,4,1995,105020
부산시 사하구,91.7,13,3,2015,96576
부산시 사하구,114.4,23,4,2020,126469
서울시 강남구,56.6,17,1,2019,67035
서울시 강서구,78.9,7,2,1995,70739
전남 순천시,63.0,8,4,2001,74829
전남 순천시,72.6,6,3,2007,74216
충북 청주시,81.0,10,3,1997,87694
제주시,110.0,9,4,1996,116956
경기도 수원시,93.4,11,1,2016,89814
광주시 북구,88.6,24,1,2008,87531
부산시 해운대구,105.8,18,3,1993,112826
서울시 강서구,54.1,7,1,2007,58563
광주시 북구,61.1,13,4,1995,72212
부산시 해운대구,57.9,12,1,2020,65390
서울시 강남구,70.7,1,3,2021,69379
충북 청주시,92.7,23,2,1992,102464
서울시 강서구,94.3,1,1,1990,81397
전북 전주시,80.8,25,2,2014,98895
제주시,51.7,4,1,2020,54315
제주시,100.9,1,2,1999,101218
서울시 은평구,65.3,14,3,2005,75623
울산시 남구,103.8,2,4,1998,113851
전북 전주시,59.7,13,3,1991,60876
서울시 강남구,47.7,22,2,1994,56789
전북 전주시,99.3,16,2,2018,102915
세종시,85.1,11,2,1999,85103
강원도 원주시,67.7,22,1,2012,66122
경기도 고양시,69.4,3,1,2006,72700
전남 순천시,95.5,1,4,2003,96932
서울시 송파구,64.5,7,2,2000,69136
전북 전주시,90.7,11,3,2001,99274
강원도 원주시,52.8,8,1,2015,62351
강원도 원주시,97.8,4,2,2010,105277
부산시 해운대구,52.5,15,2,2017,49698
경기도 수원시,48.8,4,1,1997,42692
서울시 강서구,59.2,9,1,1991,59651
강원도 원주시,65.2,11,2,1995,68917
강원도 원주시,103.7,1,3,2009,100059
인천시 연수구,103.0,17,1,2002,112697
전남 순천시,112.9,7,1,2002,116673
전남 순천시,107.4,6,1,1997,100215
경기도 수원시,73.0,19,2,1994,66440
서울시 강서구,53.8,16,4,2005,56355
서울시 송파구,91.9,6,2,1995,97368
경기도 성남시,77.2,23,1,1998,77061
서울시 은평구,90.0,13,1,2000,81210
충북 청주시,67.9,6,4,2001,72700
부산시 사하구,84.9,25,4,2020,94574
서울시 강남구,104.8,10,2,2021,103368
서울시 강남구,65.8,11,4,1997,63134
서울시 강남구,57.6,8,4,2020,76340
경기도 성남시,82.4,22,3,2013,88997
인천시 연수구,73.4,3,4,1992,78352
서울시 은평구,95.2,14,4,1998,105363
경기도 수원시,78.4,4,1,2016,71066
부산시 해운대구,58.4,2,3,2017,63329
대구시 수성구,86.0,3,1,2006,86696
제주시,77.5,23,3,1992,76838
충북 청주시,106.2,12,2,2000,115443
세종시,107.2,23,1,1999,102458
서울시 송파구,103.0,21,2,1991,98903
인천시 연수구,75.5,22,1,2012,86866
경기도 고양시,92.7,21,3,2006,93895
광주시 북구,81.0,2,4,2001,78492
경기도 수원시,103.2,19,1,2008,101594
서울시 은평구,112.2,21,4,2019,119138
서울시 은평구,92.2,3,3,1992,95936
서울시 강남구,81.4,21,2,2015,80843
서울시 은평구,52.6,19,4,1990,49775
제주시,87.0,11,4,2009,86141
부산시 사하구,88.3,25,4,2018,105290
서울시 은평구,66.6,15,2,1998,74832
경기도 고양시,92.0,7,1,2010,83363
서울시 강남구,50.3,10,1,2009,54419
제주시,105.2,23,1,1992,95185
인천시 연수구,92.8,8,3,2007,97737
제주시,106.4,9,2,2007,110547
서울시 은평구,99.5,8,4,1993,101160
서울시 강서구,61.2,15,2,2002,53071
울산시 남구,95.9,9,3,2006,92402
전북 전주시,69.0,25,2,2014,71323
경기도 고양시,99.3,9,3,1996,99087
인천시 연수구,111.8,21,3,1992,106558
서울시 강남구,84.0,5,2,2020,89508
서울시 강서구,75.7,8,2,1996,82461
대구시 수성구,62.9,6,4,2001,69959
경기도 고양시,53.4,22,4,2013,58255
부산시 해운대구,52.1,9,2,2014,59399
인천시 연수구,88.1,24,4,2007,87969
충북 청주시,65.9,14,4,2012,74427
서울시 송파구,114.2,21,3,2008,118387
울산시 남구,64.0,24,4,1991,69851
경기도 고양시,77.3,16,4,2004,91067
서울시 강서구,113.7,14,1,2022,125227
전남 순천시,65.3,2,1,2004,54201
전남 순천시,96.7,15,2,2022,113269
세종시,72.6,16,3,1990,67061
경기도 성남시,104.9,9,1,2005,107223
서울시 강서구,62.1,15,2,2018,63053
서울시 강남구,100.8,24,4,2019,117150
대구시 수성구,95.6,19,1,1996,97826
전북 전주시,49.6,24,4,2018,67191
대구시 수성구,66.8,23,4,2022,86444
인천시 연수구,79.0,20,3,2007,82507
인천시 부평구,114.4,8,2,1990,105276
인천시 부평구,56.6,12,4,2004,63125
서울시 은평구,85.1,11,3,2015,83061
인천시 부평구,82.1,12,3,2011,78855
울산시 남구,63.9,21,1,1995,56020
서울시 강남구,80.7,11,3,1990,74187
세종시,67.8,17,3,1995,73622
강원도 원주시,105.6,18,3,2007,119280
서울시 은평구,66.4,14,1,1990,70492
경기도 고양시,104.5,10,4,2018,110027
인천시 부평구,65.4,4,2,2010,58638
제주시,76.3,25,3,1996,88939
광주시 북구,50.5,9,4,2005,47066
경기도 수원시,68.4,14,1,2000,59289
전북 전주시,77.4,11,2,2007,74990
경기도 고양시,45.2,21,1,2014,48829
전남 순천시,74.7,25,3,2004,74967
서울시 강남구,98.4,20,1,1995,102490
서울시 송파구,101.1,23,4,1992,110217
울산시 남구,75.9,20,3,2011,74450
강원도 원주시,80.3,15,4,2018,87126
서울시 은평구,106.2,11,1,2016,116553
서울시 강서구,70.1,4,1,2012,75945
경기도 고양시,78.8,11,3,2003,77360
제주시,95.1,1,2,2017,92419
전남 순천시,82.8,17,3,2022,95795
세종시,57.8,18,3,1995,70126
울산시 남구,48.4,6,2,2019,42581
대구시 수성구,106.3,8,4,2016,121462
경기도 성남시,102.6,13,2,2015,107439
전남 순천시,85.1,10,2,1996,89239
울산시 남구,93.8,24,4,2002,101678
경기도 성남시,91.5,7,4,2019,99923
부산시 사하구,89.0,10,1,2019,94935
서울시 송파구,101.1,20,1,2005,96276
세종시,115.0,19,4,2006,126257
서울시 강남구,84.9,5,4,2007,94358
전남 순천시,108.1,18,2,1994,101674
경기도 수원시,60.4,17,3,2008,57255
인천시 부평구,90.8,7,1,2007,99099
서울시 은평구,47.7,25,1,2008,56461
서울시 은평구,74.4,5,1,2005,61907
인천시 연수구,93.4,12,3,2009,99397
울산시 남구,49.5,17,2,1992,47243
서울시 은평구,90.4,21,4,1993,88081
인천시 부평구,72.0,15,3,2000,70769
세종시,49.3,21,4,2022,63421
대구시 수성구,111.6,2,4,2022,115442
인천시 연수구,114.4,18,1,1995,106921
서울시 강서구,94.5,7,1,2008,96798
인천시 연수구,86.7,19,4,2018,96636
강원도 원주시,114.7,17,2,2006,124994
대구시 수성구,83.7,9,4,2022,86781
부산시 해운대구,104.0,8,2,2013,106914
경기도 성남시,69.0,8,4,2014,72525
충북 청주시,110.6,2,3,2008,114170
광주시 북구,51.2,9,4,2006,53659
대구시 수성구,49.0,13,3,2014,56091
대구시 수성구,45.6,23,2,2008,45206
경기도 수원시,54.0,18,1,2008,54376
서울시 강서구,77.6,20,3,1997,82055
경기도 수원시,100.2,9,4,2018,103707
경기도 성남시,108.1,12,1,2008,109384
강원도 원주시,108.5,20,1,2004,100678
전남 순천시,107.1,18,3,2007,106195
세종시,48.9,2,3,2013,56542
부산시 해운대구,59.0,22,3,1992,57159
서울시 강서구,63.3,14,4,2008,62356
서울시 강서구,56.9,12,3,2011,53374
부산시 사하구,57.0,1,1,1990,39690
경기도 성남시,66.6,21,1,2005,63304
광주시 북구,73.4,7,2,2019,76781
경기도 성남시,97.5,16,3,1990,91440
경기도 수원시,102.1,3,1,1999,94847
서울시 강서구,78.3,18,1,2013,84422
강원도 원주시,57.0,8,1,2006,57726
서울시 강서구,88.2,6,1,2005,90723
경기도 성남시,107.5,21,4,1998,121007
전남 순천시,112.9,21,4,1997,111955
인천시 연수구,53.7,8,2,2000,59172
서울시 강남구,74.1,14,2,1994,67216
경기도 수원시,83.3,2,4,2007,92945
세종시,96.3,17,2,2007,92124
전남 순천시,72.4,8,1,2009,77920
서울시 은평구,101.3,10,4,1995,106104
광주시 북구,59.1,11,2,1997,67791
충북 청주시,105.3,8,3,1996,111371
전남 순천시,97.0,3,4,2011,110096
경기도 고양시,89.8,21,2,1993,80814
서울시 강남구,100.9,24,1,2017,105874
전남 순천시,46.8,11,3,1996,50727
울산시 남구,80.7,18,2,2018,81066
전남 순천시,99.0,1,1,1997,91307
세종시,89.0,10,3,2021,91159
서울시 송파구,107.8,12,2,2013,113048
경기도 성남시,59.3,6,2,2012,67380
서울시 송파구,96.4,9,1,2008,103003
경기도 성남시,90.0,20,3,2017,92769
인천시 연수구,88.4,17,2,2019,99079
광주시 북구,48.3,22,4,2007,55863
서울시 강남구,64.1,18,3,1996,68140
전북 전주시,98.4,13,2,1994,89790
인천시 연수구,80.0,14,4,1995,80486
제주시,92.2,7,4,2000,92582
경기도 성남시,69.3,20,2,2008,72716
경기도 고양시,59.2,22,3,2007,59171
세종시,45.5,10,4,1990,36141
경기도 고양시,114.1,20,4,1994,117294
인천시 연수구,80.4,13,3,2009,77787
대구시 수성구,77.9,23,4,1993,90688
인천시 부평구,49.2,14,1,2013,42902
서울시 강서구,57.3,8,4,2008,57419
울산시 남구,82.1,12,3,2006,90248
부산시 해운대구,59.6,17,2,2009,61141
전남 순천시,89.7,25,3,2018,95335
세종시,93.1,10,3,1994,93023
충북 청주시,58.7,5,1,1992,44262
경기도 고양시,107.8,7,1,2018,112863
강원도 원주시,103.4,13,3,1993,101659
경기도 고양시,110.1,22,2,2018,117756
제주시,109.3,19,2,2022,108163
충북 청주시,89.7,8,4,2008,102011
강원도 원주시,58.9,8,1,1993,44377
세종시,96.5,10,3,2003,102537
부산시 사하구,51.7,15,1,1998,54159
경기도 고양시,63.9,4,2,2018,76893
강원도 원주시,72.2,5,2,1996,70531
경기도 성남시,70.4,13,4,2013,87333
경기도 고양시,91.5,3,2,2012,94471
경기도 수원시,76.2,17,4,2009,77265
전남 순천시,90.1,4,1,1996,77205
강원도 원주시,52.8,18,4,2017,67117
부산시 사하구,81.5,22,4,1997,85101
광주시 북구,108.6,6,3,2019,116035
서울시 은평구,67.0,14,2,2004,68036
경기도 고양시,107.2,15,2,2016,103523
전북 전주시,98.2,14,2,2001,92905
서울시 강남구,101.1,18,4,2001,101568
인천시 연수구,80.9,11,1,2020,89647
경기도 성남시,113.8,1,3,1994,118048
인천시 부평구,101.4,16,1,1991,104380
제주시,98.8,11,3,1992,102990
인천시 부평구,78.2,12,1,1993,69663
울산시 남구,91.4,3,1,2008,98442
대구시 수성구,66.8,21,1,2022,68223
전남 순천시,70.3,3,3,1994,64296
경기도 수원시,100.5,25,2,1992,93159
충북 청주시,74.6,5,4,2020,86094
울산시 남구,59.8,14,4,2005,56306
서울시 강남구,80.7,15,3,2019,83789
울산시 남구,57.4,6,3,2022,65661
경기도 고양시,73.3,4,3,2002,64974
강원도 원주시,60.1,13,2,1994,50199
광주시 북구,75.0,14,2,2008,75753
경기도 성남시,87.5,16,3,2013,91592
대구시 수성구,97.6,16,1,2003,98838
경기도 수원시,74.0,17,3,1994,82170
대구시 수성구,106.6,2,2,1996,99910
세종시,82.9,22,4,2006,95719
전북 전주시,85.6,20,3,2018,87321
서울시 강남구,96.3,12,1,2017,96961
부산시 사하구,91.3,1,1,2006,95818
경기도 성남시,109.2,9,4,2012,113203
대구시 수성구,77.1,7,2,2002,79320
세종시,75.5,7,1,2011,71382
강원도 원주시,72.0,15,2,2019,77599
울산시 남구,103.6,18,4,1996,111281
서울시 강서구,90.0,3,3,2018,90682
충북 청주시,78.6,3,1,2007,85247
울산시 남구,94.8,13,2,2022,109932
전북 전주시,49.9,22,3,2002,63173
울산시 남구,49.0,19,2,1992,46304
강원도 원주시,50.3,17,4,1990,59629
대구시 수성구,99.6,15,4,2003,104443
경기도 성남시,97.8,21,3,2015,100846
세종시,66.4,20,1,2008,71256
서울시 송파구,72.5,23,3,2021,84253
전북 전주시,85.6,19,2,2010,82865
부산시 해운대구,65.9,19,2,1999,67967
서울시 송파구,61.5,23,3,2014,70778
경기도 성남시,75.5,25,3,2021,91127
서울시 강서구,58.7,6,1,1993,53706
서울시 은평구,104.3,5,2,1996,103505
경기도 수원시,50.0,14,2,2015,48178
광주시 북구,112.3,1,2,2001,115998
세종시,64.1,5,1,2019,56100
부산시 사하구,61.6,9,1,2014,72846
서울시 강남구,110.1,5,2,2019,110674
광주시 북구,112.5,17,2,2014,112355
전북 전주시,111.9,4,4,2008,106132
서울시 은평구,48.0,17,1,1990,47745
경기도 수원시,89.9,22,3,2006,105017
부산시 해운대구,80.9,1,4,1998,89273
경기도 성남시,58.4,21,4,2006,76914
경기도 고양시,102.5,20,1,2006,105367
서울시 강서구,48.6,11,1,2005,49217
경기도 고양시,58.0,18,1,2014,71394
인천시 부평구,55.3,5,2,1991,57859
경기도 수원시,66.9,14,4,2022,75248
인천시 부평구,65.2,4,4,2003,62634
제주시,104.8,25,3,1993,117459
부산시 사하구,51.8,9,3,1990,48589
전북 전주시,49.2,13,3,2020,50817
전남 순천시,93.7,20,1,2006,96960
서울시 은평구,93.3,2,2,1990,84728
광주시 북구,108.9,17,3,1990,105577
경기도 고양시,77.2,1,2,2001,73804
경기도 성남시,52.4,11,3,1992,42844
부산시 사하구,87.6,8,4,2001,89940
경기도 수원시,106.8,24,2,1992,116862
광주시 북구,91.4,15,3,2017,90758
인천시 연수구,95.4,25,2,2013,106830
충북 청주시,60.6,14,2,2014,57256
전남 순천시,65.9,3,3,1996,62097
제주시,77.1,19,3,1995,81050
서울시 송파구,96.3,7,3,2020,106854
경기도 고양시,109.4,10,3,2005,107337
인천시 연수구,72.3,6,4,1997,74037
서울시 강남구,113.6,9,3,1992,111989
인천시 연수구,93.1,3,1,1999,82877
인천시 부평구,74.7,10,1,2003,72694
부산시 사하구,79.5,6,3,2013,84507
제주시,78.9,1,2,2015,88266
