ts,y
2025-08-08 17:00:00,1.2554
2025-08-08 18:00:00,1.1936
2025-08-08 19:00:00,1.0232
2025-08-08 20:00:00,0.9452
2025-08-08 21:00:00,0.9277
2025-08-08 22:00:00,0.8674
2025-08-08 23:00:00,0.7523
2025-08-09 00:00:00,0.8551
2025-08-09 01:00:00,0.8737
2025-08-09 02:00:00,0.8175
2025-08-09 03:00:00,0.8068
2025-08-09 04:00:00,0.7627
2025-08-09 05:00:00,0.7754
2025-08-09 06:00:00,0.8218
2025-08-09 07:00:00,0.8891
2025-08-09 08:00:00,0.9374
2025-08-09 09:00:00,1.0958
2025-08-09 10:00:00,1.2318
2025-08-09 11:00:00,1.365
2025-08-09 12:00:00,1.5079
2025-08-09 13:00:00,1.7745
2025-08-09 14:00:00,1.6347
2025-08-09 15:00:00,1.5988
2025-08-09 16:00:00,1.4273
2025-08-09 17:00:00,1.2997
2025-08-09 18:00:00,1.3072
2025-08-09 19:00:00,1.0947
2025-08-09 20:00:00,1.0658
2025-08-09 21:00:00,0.9896
2025-08-09 22:00:00,1.0622
2025-08-09 23:00:00,0.9188
2025-08-10 00:00:00,0.9079
2025-08-10 01:00:00,0.9311
2025-08-10 02:00:00,0.8743
2025-08-10 03:00:00,0.8548
2025-08-10 04:00:00,0.9478
2025-08-10 05:00:00,0.8099
2025-08-10 06:00:00,0.9389
2025-08-10 07:00:00,0.9157
2025-08-10 08:00:00,0.9844
2025-08-10 09:00:00,1.1181
2025-08-10 10:00:00,1.2881
2025-08-10 11:00:00,1.4684
2025-08-10 12:00:00,1.4644
2025-08-10 13:00:00,1.5763
2025-08-10 14:00:00,1.5931
2025-08-10 15:00:00,1.5718
2025-08-10 16:00:00,1.5781
2025-08-10 17:00:00,1.3014
2025-08-10 18:00:00,1.2248
2025-08-10 19:00:00,1.227
2025-08-10 20:00:00,1.068
2025-08-10 21:00:00,0.9965
2025-08-10 22:00:00,1.0233
2025-08-10 23:00:00,0.8246
2025-08-11 00:00:00,0.779
2025-08-11 01:00:00,0.7814
2025-08-11 02:00:00,0.8951
2025-08-11 03:00:00,0.7756
2025-08-11 04:00:00,0.7701
2025-08-11 05:00:00,0.7553
2025-08-11 06:00:00,0.7713
2025-08-11 07:00:00,0.8008
2025-08-11 08:00:00,0.9216
2025-08-11 09:00:00,1.0432
2025-08-11 10:00:00,1.1829
2025-08-11 11:00:00,1.2816
2025-08-11 12:00:00,1.4597
2025-08-11 13:00:00,1.5359
2025-08-11 14:00:00,1.4226
2025-08-11 15:00:00,1.4666
2025-08-11 16:00:00,1.2373
2025-08-11 17:00:00,1.1013
2025-08-11 18:00:00,1.0704
2025-08-11 19:00:00,0.9544
2025-08-11 20:00:00,1.0179
2025-08-11 21:00:00,0.8227
2025-08-11 22:00:00,0.8591
2025-08-11 23:00:00,0.8019
2025-08-12 00:00:00,0.8182
2025-08-12 01:00:00,0.773
2025-08-12 02:00:00,0.8856
2025-08-12 03:00:00,0.8153
2025-08-12 04:00:00,0.7409
2025-08-12 05:00:00,0.7328
2025-08-12 06:00:00,0.7831
2025-08-12 07:00:00,0.8213
2025-08-12 08:00:00,0.8823
2025-08-12 09:00:00,1.0471
2025-08-12 10:00:00,1.1079
2025-08-12 11:00:00,1.3052
2025-08-12 12:00:00,1.4381
2025-08-12 13:00:00,1.3865
2025-08-12 14:00:00,1.3638
2025-08-12 15:00:00,1.489
2025-08-12 16:00:00,1.2606
2025-08-12 17:00:00,1.0673
2025-08-12 18:00:00,1.0565
2025-08-12 19:00:00,0.9684
2025-08-12 20:00:00,1.4268
2025-08-12 21:00:00,1.3348
2025-08-12 22:00:00,1.3531
2025-08-12 23:00:00,0.7244
2025-08-13 00:00:00,0.7555
2025-08-13 01:00:00,0.7613
2025-08-13 02:00:00,0.7933
2025-08-13 03:00:00,0.7915
2025-08-13 04:00:00,0.794
2025-08-13 05:00:00,0.7641
2025-08-13 06:00:00,0.7721
2025-08-13 07:00:00,0.9202
2025-08-13 08:00:00,0.9184
2025-08-13 09:00:00,1.0479
2025-08-13 10:00:00,1.1238
2025-08-13 11:00:00,1.4592
2025-08-13 12:00:00,1.325
2025-08-13 13:00:00,1.394
2025-08-13 14:00:00,1.3967
2025-08-13 15:00:00,1.3549
2025-08-13 16:00:00,1.2876
2025-08-13 17:00:00,1.0732
2025-08-13 18:00:00,1.0872
2025-08-13 19:00:00,0.9114
2025-08-13 20:00:00,0.8895
2025-08-13 21:00:00,0.9093
2025-08-13 22:00:00,0.8464
2025-08-13 23:00:00,0.821
2025-08-14 00:00:00,0.8177
2025-08-14 01:00:00,0.8047
2025-08-14 02:00:00,0.8353
2025-08-14 03:00:00,0.8181
2025-08-14 04:00:00,0.7783
2025-08-14 05:00:00,0.7868
2025-08-14 06:00:00,0.7687
2025-08-14 07:00:00,0.8558
2025-08-14 08:00:00,0.9006
2025-08-14 09:00:00,1.0833
2025-08-14 10:00:00,1.1513
2025-08-14 11:00:00,1.3564
2025-08-14 12:00:00,1.4141
2025-08-14 13:00:00,1.4129
2025-08-14 14:00:00,1.3527
2025-08-14 15:00:00,1.3572
2025-08-14 16:00:00,1.2353
2025-08-14 17:00:00,1.0508
2025-08-14 18:00:00,1.0855
2025-08-14 19:00:00,0.9118
2025-08-14 20:00:00,0.903
2025-08-14 21:00:00,0.7938
2025-08-14 22:00:00,0.8495
2025-08-14 23:00:00,0.7444
2025-08-15 00:00:00,0.7888
2025-08-15 01:00:00,0.7536
2025-08-15 02:00:00,0.8028
2025-08-15 03:00:00,0.8774
2025-08-15 04:00:00,0.8075
2025-08-15 05:00:00,0.8022
2025-08-15 06:00:00,0.814
2025-08-15 07:00:00,0.8522
2025-08-15 08:00:00,0.9774
2025-08-15 09:00:00,1.1508
2025-08-15 10:00:00,1.22
2025-08-15 11:00:00,1.361
2025-08-15 12:00:00,1.3242
2025-08-15 13:00:00,1.3646
2025-08-15 14:00:00,1.4205
2025-08-15 15:00:00,1.3143
2025-08-15 16:00:00,1.2831
2025-08-15 17:00:00,1.1558
2025-08-15 18:00:00,1.0393
2025-08-15 19:00:00,0.9677
2025-08-15 20:00:00,0.8638
2025-08-15 21:00:00,0.7971
2025-08-15 22:00:00,0.8213
2025-08-15 23:00:00,0.7777
2025-08-16 00:00:00,0.8093
2025-08-16 01:00:00,0.886
2025-08-16 02:00:00,0.9531
2025-08-16 03:00:00,0.9535
2025-08-16 04:00:00,0.9842
2025-08-16 05:00:00,0.8728
2025-08-16 06:00:00,0.9174
2025-08-16 07:00:00,0.9759
2025-08-16 08:00:00,1.0965
2025-08-16 09:00:00,1.234
2025-08-16 10:00:00,1.4136
2025-08-16 11:00:00,1.4364
2025-08-16 12:00:00,1.4868
2025-08-16 13:00:00,1.4764
2025-08-16 14:00:00,1.5105
2025-08-16 15:00:00,1.464
2025-08-16 16:00:00,1.4371
2025-08-16 17:00:00,1.1593
2025-08-16 18:00:00,1.3235
2025-08-16 19:00:00,1.1949
2025-08-16 20:00:00,0.9774
2025-08-16 21:00:00,0.9732
2025-08-16 22:00:00,0.9576
2025-08-16 23:00:00,0.8686
2025-08-17 00:00:00,0.8436
2025-08-17 01:00:00,0.898
2025-08-17 02:00:00,0.9314
2025-08-17 03:00:00,0.9302
2025-08-17 04:00:00,0.9206
2025-08-17 05:00:00,0.892
2025-08-17 06:00:00,0.9121
2025-08-17 07:00:00,0.9336
2025-08-17 08:00:00,1.0091
2025-08-17 09:00:00,1.225
2025-08-17 10:00:00,1.3168
2025-08-17 11:00:00,1.3545
2025-08-17 12:00:00,1.4063
2025-08-17 13:00:00,1.5145
2025-08-17 14:00:00,1.5172
2025-08-17 15:00:00,1.4384
2025-08-17 16:00:00,1.4543
2025-08-17 17:00:00,1.3041
2025-08-17 18:00:00,1.1508
2025-08-17 19:00:00,1.1041
2025-08-17 20:00:00,1.0263
2025-08-17 21:00:00,0.9165
2025-08-17 22:00:00,0.9128
2025-08-17 23:00:00,0.8258
2025-08-18 00:00:00,0.7853
2025-08-18 01:00:00,0.7763
2025-08-18 02:00:00,0.8151
2025-08-18 03:00:00,0.8527
2025-08-18 04:00:00,0.8248
2025-08-18 05:00:00,0.9021
2025-08-18 06:00:00,0.8453
2025-08-18 07:00:00,0.8358
2025-08-18 08:00:00,0.9447
2025-08-18 09:00:00,1.0578
2025-08-18 10:00:00,1.2727
2025-08-18 11:00:00,1.3184
2025-08-18 12:00:00,1.3198
2025-08-18 13:00:00,1.3627
2025-08-18 14:00:00,1.3109
2025-08-18 15:00:00,1.3045
2025-08-18 16:00:00,1.1668
2025-08-18 17:00:00,1.0032
2025-08-18 18:00:00,1.0295
2025-08-18 19:00:00,0.9379
2025-08-18 20:00:00,0.8964
2025-08-18 21:00:00,0.8902
2025-08-18 22:00:00,0.7648
2025-08-18 23:00:00,0.6889
2025-08-19 00:00:00,0.7598
2025-08-19 01:00:00,0.7971
2025-08-19 02:00:00,0.8179
2025-08-19 03:00:00,0.9653
2025-08-19 04:00:00,0.8018
2025-08-19 05:00:00,0.7766
2025-08-19 06:00:00,0.8052
2025-08-19 07:00:00,0.9492
2025-08-19 08:00:00,0.9461
2025-08-19 09:00:00,1.0973
2025-08-19 10:00:00,1.1628
2025-08-19 11:00:00,1.3055
2025-08-19 12:00:00,1.3583
2025-08-19 13:00:00,1.3558
2025-08-19 14:00:00,1.3711
2025-08-19 15:00:00,1.3913
2025-08-19 16:00:00,1.2426
2025-08-19 17:00:00,1.0883
2025-08-19 18:00:00,1.1294
2025-08-19 19:00:00,1.2389
2025-08-19 20:00:00,0.9677
2025-08-19 21:00:00,0.8977
2025-08-19 22:00:00,1.3687
2025-08-19 23:00:00,1.459
2025-08-20 00:00:00,0.7685
2025-08-20 01:00:00,0.7977
2025-08-20 02:00:00,0.8352
2025-08-20 03:00:00,0.8596
2025-08-20 04:00:00,0.8191
2025-08-20 05:00:00,0.7967
2025-08-20 06:00:00,0.7751
2025-08-20 07:00:00,0.8718
2025-08-20 08:00:00,1.0052
2025-08-20 09:00:00,1.0348
2025-08-20 10:00:00,1.096
2025-08-20 11:00:00,1.2624
2025-08-20 12:00:00,1.4092
2025-08-20 13:00:00,1.3872
2025-08-20 14:00:00,1.4892
2025-08-20 15:00:00,1.3165
2025-08-20 16:00:00,1.227
2025-08-20 17:00:00,1.1458
2025-08-20 18:00:00,1.056
2025-08-20 19:00:00,1.0289
2025-08-20 20:00:00,0.9093
2025-08-20 21:00:00,0.9416
2025-08-20 22:00:00,0.9605
2025-08-20 23:00:00,0.7343
2025-08-21 00:00:00,0.7677
2025-08-21 01:00:00,0.776
2025-08-21 02:00:00,0.8205
2025-08-21 03:00:00,0.7478
2025-08-21 04:00:00,0.7081
2025-08-21 05:00:00,0.7531
2025-08-21 06:00:00,0.7829
2025-08-21 07:00:00,0.8241
2025-08-21 08:00:00,0.8972
2025-08-21 09:00:00,0.9917
2025-08-21 10:00:00,1.0467
2025-08-21 11:00:00,1.272
2025-08-21 12:00:00,1.4184
2025-08-21 13:00:00,1.3689
2025-08-21 14:00:00,1.443
2025-08-21 15:00:00,1.4324
2025-08-21 16:00:00,1.3086
2025-08-21 17:00:00,1.1769
2025-08-21 18:00:00,1.3139
2025-08-21 19:00:00,1.0281
2025-08-21 20:00:00,0.9403
2025-08-21 21:00:00,0.902
2025-08-21 22:00:00,0.9086
2025-08-21 23:00:00,0.7869
2025-08-22 00:00:00,0.7922
2025-08-22 01:00:00,0.867
2025-08-22 02:00:00,0.8294
2025-08-22 03:00:00,0.7863
2025-08-22 04:00:00,0.788
2025-08-22 05:00:00,0.7964
2025-08-22 06:00:00,0.791
2025-08-22 07:00:00,0.8116
2025-08-22 08:00:00,0.8759
2025-08-22 09:00:00,1.0162
2025-08-22 10:00:00,1.1176
2025-08-22 11:00:00,1.3211
2025-08-22 12:00:00,1.4468
2025-08-22 13:00:00,1.4312
2025-08-22 14:00:00,1.5247
2025-08-22 15:00:00,1.5147
2025-08-22 16:00:00,1.3129
2025-08-22 17:00:00,1.2126
2025-08-22 18:00:00,1.1061
2025-08-22 19:00:00,1.0775
2025-08-22 20:00:00,1.0016
2025-08-22 21:00:00,0.8788
2025-08-22 22:00:00,0.9588
2025-08-22 23:00:00,0.7658
2025-08-23 00:00:00,0.8366
2025-08-23 01:00:00,0.9046
2025-08-23 02:00:00,0.8966
2025-08-23 03:00:00,0.7837
2025-08-23 04:00:00,0.7805
2025-08-23 05:00:00,0.7301
2025-08-23 06:00:00,0.7657
2025-08-23 07:00:00,0.8647
2025-08-23 08:00:00,0.9251
2025-08-23 09:00:00,1.0436
2025-08-23 10:00:00,1.1992
2025-08-23 11:00:00,1.3805
2025-08-23 12:00:00,1.4663
2025-08-23 13:00:00,1.6982
2025-08-23 14:00:00,1.7353
2025-08-23 15:00:00,1.6711
2025-08-23 16:00:00,1.5081
2025-08-23 17:00:00,1.4082
2025-08-23 18:00:00,1.2483
2025-08-23 19:00:00,1.1601
2025-08-23 20:00:00,1.0216
2025-08-23 21:00:00,0.9779
2025-08-23 22:00:00,1.0085
2025-08-23 23:00:00,0.8984
2025-08-24 00:00:00,0.8538
2025-08-24 01:00:00,0.8587
2025-08-24 02:00:00,0.8605
2025-08-24 03:00:00,0.7957
2025-08-24 04:00:00,0.7999
2025-08-24 05:00:00,0.7482
2025-08-24 06:00:00,0.7916
2025-08-24 07:00:00,0.9391
2025-08-24 08:00:00,0.9783
2025-08-24 09:00:00,1.1201
2025-08-24 10:00:00,1.3591
2025-08-24 11:00:00,1.5613
2025-08-24 12:00:00,1.5545
2025-08-24 13:00:00,1.6808
2025-08-24 14:00:00,1.7568
2025-08-24 15:00:00,1.6761
2025-08-24 16:00:00,1.502
2025-08-24 17:00:00,1.3259
2025-08-24 18:00:00,1.2911
2025-08-24 19:00:00,1.1197
2025-08-24 20:00:00,1.2195
2025-08-24 21:00:00,0.9843
2025-08-24 22:00:00,0.9653
2025-08-24 23:00:00,0.8494
2025-08-25 00:00:00,0.7585
2025-08-25 01:00:00,0.7563
2025-08-25 02:00:00,0.7486
2025-08-25 03:00:00,0.6818
2025-08-25 04:00:00,0.6601
2025-08-25 05:00:00,0.689
2025-08-25 06:00:00,0.7074
2025-08-25 07:00:00,0.7551
2025-08-25 08:00:00,0.8761
2025-08-25 09:00:00,0.9502
2025-08-25 10:00:00,1.1395
2025-08-25 11:00:00,1.2999
2025-08-25 12:00:00,1.4512
2025-08-25 13:00:00,1.6151
2025-08-25 14:00:00,1.5806
2025-08-25 15:00:00,1.5544
2025-08-25 16:00:00,1.4507
2025-08-25 17:00:00,1.2281
2025-08-25 18:00:00,1.2092
2025-08-25 19:00:00,1.0557
2025-08-25 20:00:00,0.9808
2025-08-25 21:00:00,0.8719
2025-08-25 22:00:00,0.8904
2025-08-25 23:00:00,0.8158
2025-08-26 00:00:00,0.7861
2025-08-26 01:00:00,0.7831
2025-08-26 02:00:00,0.7994
2025-08-26 03:00:00,0.6874
2025-08-26 04:00:00,0.6983
2025-08-26 05:00:00,0.6855
2025-08-26 06:00:00,0.6685
2025-08-26 07:00:00,0.7198
2025-08-26 08:00:00,0.7952
2025-08-26 09:00:00,0.9108
2025-08-26 10:00:00,1.0574
2025-08-26 11:00:00,1.2796
2025-08-26 12:00:00,1.5423
2025-08-26 13:00:00,1.5476
2025-08-26 14:00:00,1.6479
2025-08-26 15:00:00,1.5905
2025-08-26 16:00:00,1.4657
2025-08-26 17:00:00,1.3367
2025-08-26 18:00:00,1.2042
2025-08-26 19:00:00,1.0906
2025-08-26 20:00:00,0.9737
2025-08-26 21:00:00,1.0032
2025-08-26 22:00:00,0.9219
2025-08-26 23:00:00,0.8082
2025-08-27 00:00:00,0.8358
2025-08-27 01:00:00,0.7896
2025-08-27 02:00:00,0.8079
2025-08-27 03:00:00,0.7019
2025-08-27 04:00:00,0.6817
2025-08-27 05:00:00,0.7068
2025-08-27 06:00:00,0.6415
2025-08-27 07:00:00,0.6994
2025-08-27 08:00:00,0.8382
2025-08-27 09:00:00,1.0021
2025-08-27 10:00:00,1.3585
2025-08-27 11:00:00,1.2994
2025-08-27 12:00:00,1.5516
2025-08-27 13:00:00,1.6446
2025-08-27 14:00:00,1.7446
2025-08-27 15:00:00,1.7814
2025-08-27 16:00:00,1.526
2025-08-27 17:00:00,1.4671
2025-08-27 18:00:00,1.3631
2025-08-27 19:00:00,1.0887
2025-08-27 20:00:00,1.0418
2025-08-27 21:00:00,1.0663
2025-08-27 22:00:00,1.0139
2025-08-27 23:00:00,0.8439
2025-08-28 00:00:00,0.8358
2025-08-28 01:00:00,0.7632
2025-08-28 02:00:00,0.7276
2025-08-28 03:00:00,0.68
2025-08-28 04:00:00,0.6802
2025-08-28 05:00:00,0.6287
2025-08-28 06:00:00,0.6315
2025-08-28 07:00:00,0.8419
2025-08-28 08:00:00,0.9171
2025-08-28 09:00:00,0.9471
2025-08-28 10:00:00,1.0705
2025-08-28 11:00:00,1.4057
2025-08-28 12:00:00,1.4767
2025-08-28 13:00:00,1.7317
2025-08-28 14:00:00,1.6797
2025-08-28 15:00:00,1.6626
2025-08-28 16:00:00,1.5738
2025-08-28 17:00:00,1.4082
2025-08-28 18:00:00,1.3879
2025-08-28 19:00:00,1.1646
2025-08-28 20:00:00,1.1398
2025-08-28 21:00:00,1.0081
2025-08-28 22:00:00,1.0132
2025-08-28 23:00:00,0.8727
2025-08-29 00:00:00,0.9156
2025-08-29 01:00:00,0.8522
2025-08-29 02:00:00,0.847
2025-08-29 03:00:00,0.7664
2025-08-29 04:00:00,0.6907
2025-08-29 05:00:00,0.7525
2025-08-29 06:00:00,0.7131
2025-08-29 07:00:00,0.7564
2025-08-29 08:00:00,0.902
2025-08-29 09:00:00,0.9694
2025-08-29 10:00:00,1.0921
2025-08-29 11:00:00,1.3549
2025-08-29 12:00:00,1.4883
2025-08-29 13:00:00,1.6147
2025-08-29 14:00:00,1.6761
2025-08-29 15:00:00,1.6814
2025-08-29 16:00:00,1.509
2025-08-29 17:00:00,1.2767
2025-08-29 18:00:00,1.2699
2025-08-29 19:00:00,1.0701
2025-08-29 20:00:00,1.0266
2025-08-29 21:00:00,0.9435
2025-08-29 22:00:00,0.9612
2025-08-29 23:00:00,0.8931
2025-08-30 00:00:00,0.98
2025-08-30 01:00:00,0.9131
2025-08-30 02:00:00,0.8534
2025-08-30 03:00:00,0.8099
2025-08-30 04:00:00,0.7234
2025-08-30 05:00:00,0.7259
2025-08-30 06:00:00,0.7535
2025-08-30 07:00:00,0.8422
2025-08-30 08:00:00,0.9595
2025-08-30 09:00:00,1.0352
2025-08-30 10:00:00,1.2137
2025-08-30 11:00:00,1.461
2025-08-30 12:00:00,1.7565
2025-08-30 13:00:00,1.9037
2025-08-30 14:00:00,1.8788
2025-08-30 15:00:00,1.8617
2025-08-30 16:00:00,1.7144
2025-08-30 17:00:00,1.5457
2025-08-30 18:00:00,1.4254
2025-08-30 19:00:00,1.3669
2025-08-30 20:00:00,1.2161
2025-08-30 21:00:00,1.1044
2025-08-30 22:00:00,1.1114
2025-08-30 23:00:00,0.9644
2025-08-31 00:00:00,0.953
2025-08-31 01:00:00,0.9411
2025-08-31 02:00:00,0.8774
2025-08-31 03:00:00,0.7946
2025-08-31 04:00:00,0.7357
2025-08-31 05:00:00,0.6378
2025-08-31 06:00:00,0.6375
2025-08-31 07:00:00,0.7198
2025-08-31 08:00:00,0.8276
2025-08-31 09:00:00,1.0166
2025-08-31 10:00:00,1.208
2025-08-31 11:00:00,1.5364
2025-08-31 12:00:00,1.711
2025-08-31 13:00:00,1.841
2025-08-31 14:00:00,1.8827
2025-08-31 15:00:00,1.8138
2025-08-31 16:00:00,1.7096
2025-08-31 17:00:00,1.5723
2025-08-31 18:00:00,1.4876
2025-08-31 19:00:00,1.3091
2025-08-31 20:00:00,1.1711
2025-08-31 21:00:00,1.1071
2025-08-31 22:00:00,1.1813
2025-08-31 23:00:00,0.952
2025-09-01 00:00:00,0.8747
2025-09-01 01:00:00,0.7776
2025-09-01 02:00:00,0.7626
2025-09-01 03:00:00,0.7118
2025-09-01 04:00:00,0.6444
2025-09-01 05:00:00,0.6936
2025-09-01 06:00:00,0.6608
2025-09-01 07:00:00,0.7021
2025-09-01 08:00:00,0.8005
2025-09-01 09:00:00,0.9791
2025-09-01 10:00:00,1.1068
2025-09-01 11:00:00,1.3333
2025-09-01 12:00:00,1.5615
2025-09-01 13:00:00,1.6557
2025-09-01 14:00:00,1.7359
2025-09-01 15:00:00,1.769
2025-09-01 16:00:00,1.4732
2025-09-01 17:00:00,1.2992
2025-09-01 18:00:00,1.2626
2025-09-01 19:00:00,1.1921
2025-09-01 20:00:00,1.0927
2025-09-01 21:00:00,0.9427
2025-09-01 22:00:00,0.9402
2025-09-01 23:00:00,0.8996
2025-09-02 00:00:00,0.7956
2025-09-02 01:00:00,0.9705
2025-09-02 02:00:00,0.7853
2025-09-02 03:00:00,0.7481
2025-09-02 04:00:00,0.6457
2025-09-02 05:00:00,0.6418
2025-09-02 06:00:00,0.6728
2025-09-02 07:00:00,0.6928
2025-09-02 08:00:00,0.8177
2025-09-02 09:00:00,1.0179
2025-09-02 10:00:00,1.107
2025-09-02 11:00:00,1.2888
2025-09-02 12:00:00,1.4717
2025-09-02 13:00:00,1.6296
2025-09-02 14:00:00,1.6428
2025-09-02 15:00:00,1.635
2025-09-02 16:00:00,1.4279
2025-09-02 17:00:00,1.2935
2025-09-02 18:00:00,1.2435
2025-09-02 19:00:00,1.1329
2025-09-02 20:00:00,1.0083
2025-09-02 21:00:00,0.941
2025-09-02 22:00:00,0.9683
2025-09-02 23:00:00,0.8623
2025-09-03 00:00:00,0.937
2025-09-03 01:00:00,0.7976
2025-09-03 02:00:00,0.7801
2025-09-03 03:00:00,0.7023
2025-09-03 04:00:00,0.6561
2025-09-03 05:00:00,0.5943
2025-09-03 06:00:00,0.7107
2025-09-03 07:00:00,0.695
2025-09-03 08:00:00,0.8409
2025-09-03 09:00:00,0.9608
2025-09-03 10:00:00,1.1034
2025-09-03 11:00:00,1.324
2025-09-03 12:00:00,1.4747
2025-09-03 13:00:00,1.6535
2025-09-03 14:00:00,1.6257
2025-09-03 15:00:00,1.6173
2025-09-03 16:00:00,1.4601
2025-09-03 17:00:00,1.2907
2025-09-03 18:00:00,1.2342
2025-09-03 19:00:00,1.1082
2025-09-03 20:00:00,1.0533
2025-09-03 21:00:00,0.9572
2025-09-03 22:00:00,0.9556
2025-09-03 23:00:00,0.8633
2025-09-04 00:00:00,0.8691
2025-09-04 01:00:00,0.8286
2025-09-04 02:00:00,0.7545
2025-09-04 03:00:00,0.7173
2025-09-04 04:00:00,0.6364
2025-09-04 05:00:00,0.6021
2025-09-04 06:00:00,0.6051
2025-09-04 07:00:00,0.6682
2025-09-04 08:00:00,0.7849
2025-09-04 09:00:00,0.9258
2025-09-04 10:00:00,1.0757
2025-09-04 11:00:00,1.2897
2025-09-04 12:00:00,1.6004
2025-09-04 13:00:00,1.6452
2025-09-04 14:00:00,1.7593
2025-09-04 15:00:00,1.8472
2025-09-04 16:00:00,1.4085
2025-09-04 17:00:00,1.3827
2025-09-04 18:00:00,1.2793
2025-09-04 19:00:00,1.0857
2025-09-04 20:00:00,1.0266
2025-09-04 21:00:00,1.0676
2025-09-04 22:00:00,0.9657
2025-09-04 23:00:00,0.8544
2025-09-05 00:00:00,0.9016
2025-09-05 01:00:00,0.7672
2025-09-05 02:00:00,0.7517
2025-09-05 03:00:00,0.7471
2025-09-05 04:00:00,0.6935
2025-09-05 05:00:00,0.6709
2025-09-05 06:00:00,0.6404
2025-09-05 07:00:00,0.7308
2025-09-05 08:00:00,0.8451
2025-09-05 09:00:00,0.9178
2025-09-05 10:00:00,1.0959
2025-09-05 11:00:00,1.2407
2025-09-05 12:00:00,1.3808
2025-09-05 13:00:00,1.5363
2025-09-05 14:00:00,1.5196
2025-09-05 15:00:00,1.4908
2025-09-05 16:00:00,1.4264
2025-09-05 17:00:00,1.1883
2025-09-05 18:00:00,1.2015
2025-09-05 19:00:00,1.0324
2025-09-05 20:00:00,1.0569
2025-09-05 21:00:00,0.9999
2025-09-05 22:00:00,0.9516
2025-09-05 23:00:00,0.845
2025-09-06 00:00:00,0.8845
2025-09-06 01:00:00,0.8795
2025-09-06 02:00:00,0.8677
2025-09-06 03:00:00,0.7977
2025-09-06 04:00:00,0.7738
2025-09-06 05:00:00,0.7305
2025-09-06 06:00:00,0.7281
2025-09-06 07:00:00,0.8227
2025-09-06 08:00:00,0.8992
2025-09-06 09:00:00,1.0445
2025-09-06 10:00:00,1.1645
2025-09-06 11:00:00,1.3996
2025-09-06 12:00:00,1.5161
2025-09-06 13:00:00,1.6615
2025-09-06 14:00:00,1.7029
2025-09-06 15:00:00,1.6364
2025-09-06 16:00:00,1.5181
2025-09-06 17:00:00,1.3057
2025-09-06 18:00:00,1.2184
2025-09-06 19:00:00,1.079
2025-09-06 20:00:00,0.9468
2025-09-06 21:00:00,0.9186
2025-09-06 22:00:00,1.1023
2025-09-06 23:00:00,0.8423
2025-09-07 00:00:00,0.8657
2025-09-07 01:00:00,0.8386
2025-09-07 02:00:00,0.793
2025-09-07 03:00:00,0.7336
2025-09-07 04:00:00,0.8029
2025-09-07 05:00:00,0.6723
2025-09-07 06:00:00,0.7433
2025-09-07 07:00:00,0.8026
2025-09-07 08:00:00,0.8987
2025-09-07 09:00:00,1.0793
2025-09-07 10:00:00,1.1993
2025-09-07 11:00:00,1.4202
2025-09-07 12:00:00,1.4209
2025-09-07 13:00:00,1.6204
2025-09-07 14:00:00,1.6094
2025-09-07 15:00:00,1.5833
2025-09-07 16:00:00,1.41
2025-09-07 17:00:00,1.3382
2025-09-07 18:00:00,1.3273
2025-09-07 19:00:00,1.0883
2025-09-07 20:00:00,0.9513
2025-09-07 21:00:00,0.9106
2025-09-07 22:00:00,0.9485
2025-09-07 23:00:00,0.8319
2025-09-08 00:00:00,0.8033
2025-09-08 01:00:00,0.7383
2025-09-08 02:00:00,0.7817
2025-09-08 03:00:00,0.716
2025-09-08 04:00:00,0.6634
2025-09-08 05:00:00,0.6599
2025-09-08 06:00:00,0.6708
2025-09-08 07:00:00,0.7536
2025-09-08 08:00:00,0.8086
2025-09-08 09:00:00,1.0046
2025-09-08 10:00:00,1.1247
2025-09-08 11:00:00,1.2178
2025-09-08 12:00:00,1.3409
2025-09-08 13:00:00,1.3857
2025-09-08 14:00:00,1.5205
2025-09-08 15:00:00,1.3809
2025-09-08 16:00:00,1.3576
2025-09-08 17:00:00,1.0986
2025-09-08 18:00:00,1.1778
2025-09-08 19:00:00,0.9939
2025-09-08 20:00:00,0.9303
2025-09-08 21:00:00,0.9338
2025-09-08 22:00:00,0.9241
2025-09-08 23:00:00,0.7819
2025-09-09 00:00:00,0.7354
2025-09-09 01:00:00,0.7604
2025-09-09 02:00:00,0.7697
2025-09-09 03:00:00,0.8435
2025-09-09 04:00:00,0.7736
2025-09-09 05:00:00,0.7238
2025-09-09 06:00:00,0.8267
2025-09-09 07:00:00,0.7687
2025-09-09 08:00:00,0.8974
2025-09-09 09:00:00,1.0574
2025-09-09 10:00:00,1.1412
2025-09-09 11:00:00,1.2489
2025-09-09 12:00:00,1.3725
2025-09-09 13:00:00,1.4526
2025-09-09 14:00:00,1.4414
2025-09-09 15:00:00,1.3776
2025-09-09 16:00:00,1.2606
2025-09-09 17:00:00,1.0924
2025-09-09 18:00:00,1.1038
2025-09-09 19:00:00,1.0222
2025-09-09 20:00:00,0.9532
2025-09-09 21:00:00,1.0115
2025-09-09 22:00:00,0.8776
2025-09-09 23:00:00,0.7513
2025-09-10 00:00:00,0.8193
2025-09-10 01:00:00,0.7711
2025-09-10 02:00:00,1.1668
2025-09-10 03:00:00,1.2165
2025-09-10 04:00:00,1.1012
2025-09-10 05:00:00,0.6999
2025-09-10 06:00:00,0.728
2025-09-10 07:00:00,0.8775
2025-09-10 08:00:00,1.0843
2025-09-10 09:00:00,1.0313
2025-09-10 10:00:00,1.124
2025-09-10 11:00:00,1.3506
2025-09-10 12:00:00,1.365
2025-09-10 13:00:00,1.3451
2025-09-10 14:00:00,1.3817
2025-09-10 15:00:00,1.3344
2025-09-10 16:00:00,1.1638
2025-09-10 17:00:00,1.056
2025-09-10 18:00:00,1.074
2025-09-10 19:00:00,0.9039
2025-09-10 20:00:00,0.8328
2025-09-10 21:00:00,0.9339
2025-09-10 22:00:00,0.8287
2025-09-10 23:00:00,0.7524
2025-09-11 00:00:00,0.7858
2025-09-11 01:00:00,0.768
2025-09-11 02:00:00,0.7458
2025-09-11 03:00:00,0.8095
2025-09-11 04:00:00,0.7734
2025-09-11 05:00:00,0.772
2025-09-11 06:00:00,0.7912
2025-09-11 07:00:00,0.8476
2025-09-11 08:00:00,1.0421
2025-09-11 09:00:00,0.9925
2025-09-11 10:00:00,1.1263
2025-09-11 11:00:00,1.1888
2025-09-11 12:00:00,1.3465
2025-09-11 13:00:00,1.3562
2025-09-11 14:00:00,1.3776
2025-09-11 15:00:00,1.2516
2025-09-11 16:00:00,1.2733
2025-09-11 17:00:00,1.2349
2025-09-11 18:00:00,1.1114
2025-09-11 19:00:00,0.9668
2025-09-11 20:00:00,0.9162
2025-09-11 21:00:00,0.8053
2025-09-11 22:00:00,0.8298
2025-09-11 23:00:00,0.6993
2025-09-12 00:00:00,0.7132
2025-09-12 01:00:00,0.7105
2025-09-12 02:00:00,0.7442
2025-09-12 03:00:00,0.7998
2025-09-12 04:00:00,0.722
2025-09-12 05:00:00,0.7586
2025-09-12 06:00:00,0.7628
2025-09-12 07:00:00,0.7823
2025-09-12 08:00:00,1.0284
2025-09-12 09:00:00,0.9948
2025-09-12 10:00:00,1.1438
2025-09-12 11:00:00,1.1977
2025-09-12 12:00:00,1.3402
2025-09-12 13:00:00,1.3661
2025-09-12 14:00:00,1.3605
2025-09-12 15:00:00,1.3102
2025-09-12 16:00:00,1.2575
2025-09-12 17:00:00,1.1537
2025-09-12 18:00:00,1.2722
2025-09-12 19:00:00,0.9762
2025-09-12 20:00:00,0.898
2025-09-12 21:00:00,0.8525
2025-09-12 22:00:00,0.8186
2025-09-12 23:00:00,0.8306
2025-09-13 00:00:00,0.9399
2025-09-13 01:00:00,0.9187
2025-09-13 02:00:00,0.9503
2025-09-13 03:00:00,0.9332
2025-09-13 04:00:00,0.8878
2025-09-13 05:00:00,0.8902
2025-09-13 06:00:00,0.8835
2025-09-13 07:00:00,0.9251
2025-09-13 08:00:00,1.0235
2025-09-13 09:00:00,1.196
2025-09-13 10:00:00,1.3078
2025-09-13 11:00:00,1.3837
2025-09-13 12:00:00,1.5315
2025-09-13 13:00:00,1.4914
2025-09-13 14:00:00,1.4734
2025-09-13 15:00:00,1.4015
2025-09-13 16:00:00,1.3306
2025-09-13 17:00:00,1.1734
2025-09-13 18:00:00,1.2219
2025-09-13 19:00:00,0.9809
2025-09-13 20:00:00,0.9478
2025-09-13 21:00:00,0.8436
2025-09-13 22:00:00,0.802
2025-09-13 23:00:00,0.8359
2025-09-14 00:00:00,0.8299
2025-09-14 01:00:00,0.8312
2025-09-14 02:00:00,0.8817
2025-09-14 03:00:00,0.8688
2025-09-14 04:00:00,0.7884
2025-09-14 05:00:00,0.8035
2025-09-14 06:00:00,0.8451
2025-09-14 07:00:00,0.8594
2025-09-14 08:00:00,0.9675
2025-09-14 09:00:00,1.2453
2025-09-14 10:00:00,1.2929
2025-09-14 11:00:00,1.3316
2025-09-14 12:00:00,1.3843
2025-09-14 13:00:00,1.4515
2025-09-14 14:00:00,1.4215
2025-09-14 15:00:00,1.5366
2025-09-14 16:00:00,1.2708
2025-09-14 17:00:00,1.1302
2025-09-14 18:00:00,1.0406
2025-09-14 19:00:00,0.9411
2025-09-14 20:00:00,0.8427
2025-09-14 21:00:00,0.8051
2025-09-14 22:00:00,0.8391
2025-09-14 23:00:00,0.6907
2025-09-15 00:00:00,0.7435
2025-09-15 01:00:00,0.7366
2025-09-15 02:00:00,0.7602
2025-09-15 03:00:00,0.8124
2025-09-15 04:00:00,0.7221
2025-09-15 05:00:00,0.7798
2025-09-15 06:00:00,0.7442
2025-09-15 07:00:00,0.8122
2025-09-15 08:00:00,0.9213
2025-09-15 09:00:00,1.0109
2025-09-15 10:00:00,1.2164
2025-09-15 11:00:00,1.2798
2025-09-15 12:00:00,1.3122
2025-09-15 13:00:00,1.3566
2025-09-15 14:00:00,1.2938
2025-09-15 15:00:00,1.2172
2025-09-15 16:00:00,1.2534
2025-09-15 17:00:00,1.0165
2025-09-15 18:00:00,1.1274
2025-09-15 19:00:00,0.9524
2025-09-15 20:00:00,0.8222
2025-09-15 21:00:00,0.8121
2025-09-15 22:00:00,0.8673
2025-09-15 23:00:00,0.7736
2025-09-16 00:00:00,0.778
2025-09-16 01:00:00,0.9074
2025-09-16 02:00:00,0.8101
2025-09-16 03:00:00,0.7549
2025-09-16 04:00:00,0.7771
2025-09-16 05:00:00,0.7509
2025-09-16 06:00:00,0.7908
2025-09-16 07:00:00,0.8443
2025-09-16 08:00:00,0.941
2025-09-16 09:00:00,1.1326
2025-09-16 10:00:00,1.1806
2025-09-16 11:00:00,1.2717
2025-09-16 12:00:00,1.3467
2025-09-16 13:00:00,1.4397
2025-09-16 14:00:00,1.431
2025-09-16 15:00:00,1.3444
2025-09-16 16:00:00,1.1871
2025-09-16 17:00:00,1.0582
2025-09-16 18:00:00,1.0442
2025-09-16 19:00:00,0.9156
2025-09-16 20:00:00,0.8809
2025-09-16 21:00:00,0.8356
2025-09-16 22:00:00,0.8507
2025-09-16 23:00:00,0.7273
2025-09-17 00:00:00,0.9025
2025-09-17 01:00:00,0.7975
2025-09-17 02:00:00,0.8689
2025-09-17 03:00:00,0.8547
2025-09-17 04:00:00,0.773
2025-09-17 05:00:00,0.7325
2025-09-17 06:00:00,0.7082
2025-09-17 07:00:00,0.7328
2025-09-17 08:00:00,0.9835
2025-09-17 09:00:00,1.0238
2025-09-17 10:00:00,1.0508
2025-09-17 11:00:00,1.2165
2025-09-17 12:00:00,1.2847
2025-09-17 13:00:00,1.3085
2025-09-17 14:00:00,1.3733
2025-09-17 15:00:00,1.2918
2025-09-17 16:00:00,1.1748
2025-09-17 17:00:00,1.1044
2025-09-17 18:00:00,1.3507
2025-09-17 19:00:00,0.9712
2025-09-17 20:00:00,0.833
2025-09-17 21:00:00,0.9317
2025-09-17 22:00:00,0.7808
2025-09-17 23:00:00,0.6708
2025-09-18 00:00:00,0.7065
2025-09-18 01:00:00,0.7426
2025-09-18 02:00:00,0.7978
2025-09-18 03:00:00,0.7675
2025-09-18 04:00:00,0.801
2025-09-18 05:00:00,0.7767
2025-09-18 06:00:00,0.7642
2025-09-18 07:00:00,0.8013
2025-09-18 08:00:00,0.9018
2025-09-18 09:00:00,1.0006
2025-09-18 10:00:00,1.1176
2025-09-18 11:00:00,1.2977
2025-09-18 12:00:00,1.3022
2025-09-18 13:00:00,1.3346
2025-09-18 14:00:00,1.3387
2025-09-18 15:00:00,1.2911
2025-09-18 16:00:00,1.1924
2025-09-18 17:00:00,1.1423
2025-09-18 18:00:00,1.019
2025-09-18 19:00:00,0.983
2025-09-18 20:00:00,0.915
2025-09-18 21:00:00,0.755
2025-09-18 22:00:00,0.759
2025-09-18 23:00:00,0.7124
2025-09-19 00:00:00,0.7635
2025-09-19 01:00:00,0.783
2025-09-19 02:00:00,0.8674
2025-09-19 03:00:00,0.8222
2025-09-19 04:00:00,0.8016
2025-09-19 05:00:00,0.7644
2025-09-19 06:00:00,0.7962
2025-09-19 07:00:00,0.8213
2025-09-19 08:00:00,0.9223
